﻿<?xml version="1.0" encoding="utf-8"?>
<tt xmlns:ttm="http://www.w3.org/ns/ttml#metadata" xmlns:ttp="http://www.w3.org/ns/ttml#parameter" xmlns:tts="http://www.w3.org/ns/ttml#styling" xml:lang="eng" xmlns="http://www.w3.org/ns/ttml">
  <head>
    <metadata>
      <ttm:title>Media.wvx.aib</ttm:title>
      <ttm:copyright>Copyright (c) 2015 Microsoft Corporation.  All rights reserved.</ttm:copyright>
    </metadata>
    <styling>
      <style xml:id="s1" tts:fontFamily="Segoe UI" tts:fontSize="13px" tts:textAlign="center" tts:color="white" />
    </styling>
    <layout>
      <region xml:id="subtitleArea" style="s1" tts:origin="0% 0%" tts:extent="100% 60px" tts:padding="3px 3px" tts:backgroundColor="black" tts:opacity="0.7" tts:displayAlign="center" tts:showBackground="whenActive" />
    </layout>
  </head>
  <body>
    <div region="subtitleArea">
      <p xml:id="subtitle1" ttm:role="caption" begin="00:00:00.500" end="00:00:03.440">In this module you'll going to<br />use the newsletter template</p>
      <p xml:id="subtitle2" ttm:role="caption" begin="00:00:03.441" end="00:00:07.140">to learn about changing document<br />views, customizing zoom levels.</p>
      <p xml:id="subtitle3" ttm:role="caption" begin="00:00:07.141" end="00:00:11.010">Splitting the window, showing and<br />hiding formatting symbols, adding</p>
      <p xml:id="subtitle4" ttm:role="caption" begin="00:00:11.011" end="00:00:14.050">document properties and customizing<br />the quick access toolbar.</p>
      <p xml:id="subtitle5" ttm:role="caption" begin="00:00:15.860" end="00:00:18.700">To begin let's start by making sure<br />you know how to switch between</p>
      <p xml:id="subtitle6" ttm:role="caption" begin="00:00:18.701" end="00:00:20.320">document views.</p>
      <p xml:id="subtitle7" ttm:role="caption" begin="00:00:20.321" end="00:00:23.570">You can view documents in four<br />different ways each fields</p>
      <p xml:id="subtitle8" ttm:role="caption" begin="00:00:23.571" end="00:00:27.680">optimize for different tasks and<br />presents your document differently.</p>
      <p xml:id="subtitle9" ttm:role="caption" begin="00:00:27.681" end="00:00:31.080">You can switch quickly from one view<br />to another to make your work easier</p>
      <p xml:id="subtitle10" ttm:role="caption" begin="00:00:31.081" end="00:00:33.160">and to access the features<br />that you want to use.</p>
      <p xml:id="subtitle11" ttm:role="caption" begin="00:00:34.520" end="00:00:38.200">To switch views on the view tab,<br />click the name in the view that you</p>
      <p xml:id="subtitle12" ttm:role="caption" begin="00:00:38.201" end="00:00:41.070">want or click a view<br />icon on the view changer.</p>
      <p xml:id="subtitle13" ttm:role="caption" begin="00:00:42.390" end="00:00:45.510">The view changer is located<br />in the lower-right corner</p>
      <p xml:id="subtitle14" ttm:role="caption" begin="00:00:45.511" end="00:00:46.190">of the word window.</p>
      <p xml:id="subtitle15" ttm:role="caption" begin="00:00:47.670" end="00:00:51.070">The default view is print layout<br />which allows you to see the document</p>
      <p xml:id="subtitle16" ttm:role="caption" begin="00:00:51.071" end="00:00:52.630">as it will appear when printed.</p>
      <p xml:id="subtitle17" ttm:role="caption" begin="00:00:53.750" end="00:00:55.750">Web layout gives you a sense for</p>
      <p xml:id="subtitle18" ttm:role="caption" begin="00:00:55.751" end="00:00:59.560">how content appears if<br />published to the web.</p>
      <p xml:id="subtitle19" ttm:role="caption" begin="00:00:59.561" end="00:01:03.540">While outline view is a nice<br />view for creating an outline and</p>
      <p xml:id="subtitle20" ttm:role="caption" begin="00:01:03.541" end="00:01:05.100">manipulating texts easily.</p>
      <p xml:id="subtitle21" ttm:role="caption" begin="00:01:06.690" end="00:01:10.360">Lastly, craft view simplifies<br />the layout for editing and</p>
      <p xml:id="subtitle22" ttm:role="caption" begin="00:01:10.361" end="00:01:12.250">formatting text.</p>
      <p xml:id="subtitle23" ttm:role="caption" begin="00:01:12.251" end="00:01:15.480">You can change the zoom level of<br />your document to see more or less of</p>
      <p xml:id="subtitle24" ttm:role="caption" begin="00:01:15.481" end="00:01:19.550">a particular page or just see<br />more than one page on the screen.</p>
      <p xml:id="subtitle25" ttm:role="caption" begin="00:01:19.551" end="00:01:24.552">To do this head to the view menu on<br />the ribbon and find the zoom group.</p>
      <p xml:id="subtitle26" ttm:role="caption" begin="00:01:24.553" end="00:01:27.474">Depending on the orientation and<br />resolution of your monitor or</p>
      <p xml:id="subtitle27" ttm:role="caption" begin="00:01:27.475" end="00:01:29.402">screen, you'll want<br />to either zoom in or</p>
      <p xml:id="subtitle28" ttm:role="caption" begin="00:01:29.403" end="00:01:31.236">out by clicking<br />the magnifying glass.</p>
      <p xml:id="subtitle29" ttm:role="caption" begin="00:01:31.237" end="00:01:32.941">And choosing a predefined level or</p>
      <p xml:id="subtitle30" ttm:role="caption" begin="00:01:32.942" end="00:01:35.424">customizing it using<br />the percent selection box.</p>
      <p xml:id="subtitle31" ttm:role="caption" begin="00:01:35.425" end="00:01:41.300">Try selecting 75% then click OK.</p>
      <p xml:id="subtitle32" ttm:role="caption" begin="00:01:41.301" end="00:01:43.750">You'll also wanna choose one page,<br />multiple pages, or</p>
      <p xml:id="subtitle33" ttm:role="caption" begin="00:01:43.751" end="00:01:47.240">page width to adjust the number<br />of pages you see on the screen.</p>
      <p xml:id="subtitle34" ttm:role="caption" begin="00:01:47.241" end="00:01:49.040">Let's choose multiple pages for now.</p>
      <p xml:id="subtitle35" ttm:role="caption" begin="00:01:50.850" end="00:01:54.020">To the right of the zoom group<br />is a group called Window.</p>
      <p xml:id="subtitle36" ttm:role="caption" begin="00:01:54.021" end="00:01:57.100">Here, you can split the word Window<br />into two panes, so that you can</p>
      <p xml:id="subtitle37" ttm:role="caption" begin="00:01:57.101" end="00:02:00.650">build two different parts of<br />a document at the same time.</p>
      <p xml:id="subtitle38" ttm:role="caption" begin="00:02:00.651" end="00:02:01.950">Try it by clicking Split.</p>
      <p xml:id="subtitle39" ttm:role="caption" begin="00:02:03.950" end="00:02:06.260">A new Window shows<br />below the existing one</p>
      <p xml:id="subtitle40" ttm:role="caption" begin="00:02:07.340" end="00:02:09.790">this is useful if you want<br />to copy and paste text and</p>
      <p xml:id="subtitle41" ttm:role="caption" begin="00:02:09.791" end="00:02:13.220">graphics into a long and<br />complex document.</p>
      <p xml:id="subtitle42" ttm:role="caption" begin="00:02:13.221" end="00:02:16.489">For now,<br />click remove split on the ribbon.</p>
      <p xml:id="subtitle43" ttm:role="caption" begin="00:02:16.490" end="00:02:19.830">A handy feature found above the<br />ribbon is the quick access toolbar.</p>
      <p xml:id="subtitle44" ttm:role="caption" begin="00:02:20.850" end="00:02:24.010">It's a customizable toolbar<br />that contains a set of commands</p>
      <p xml:id="subtitle45" ttm:role="caption" begin="00:02:24.011" end="00:02:26.160">that are always available<br />no matter which menu you</p>
      <p xml:id="subtitle46" ttm:role="caption" begin="00:02:26.161" end="00:02:27.220">have selected on the ribbon.</p>
      <p xml:id="subtitle47" ttm:role="caption" begin="00:02:28.410" end="00:02:32.260">There are two ways to add your<br />most commonly used commands.</p>
      <p xml:id="subtitle48" ttm:role="caption" begin="00:02:32.261" end="00:02:34.740">The first is by clicking<br />the drop down arrow</p>
      <p xml:id="subtitle49" ttm:role="caption" begin="00:02:34.741" end="00:02:37.540">found above the left<br />hand side of the ribbon.</p>
      <p xml:id="subtitle50" ttm:role="caption" begin="00:02:37.541" end="00:02:39.635">Here you can check or<br />uncheck commands.</p>
      <p xml:id="subtitle51" ttm:role="caption" begin="00:02:42.694" end="00:02:46.040">The ones that are checked display<br />in the blue area above the ribbon.</p>
      <p xml:id="subtitle52" ttm:role="caption" begin="00:02:47.360" end="00:02:50.360">The second way to add a command<br />to the Quick Access Toolbar</p>
      <p xml:id="subtitle53" ttm:role="caption" begin="00:02:50.361" end="00:02:53.520">is to simply right click<br />a command icon on the ribbon and</p>
      <p xml:id="subtitle54" ttm:role="caption" begin="00:02:53.521" end="00:02:55.620">choose Add to Quick Access Toolbar.</p>
      <p xml:id="subtitle55" ttm:role="caption" begin="00:02:57.530" end="00:03:00.240">Sometimes it can be helpful<br />to use spaces, indents and</p>
      <p xml:id="subtitle56" ttm:role="caption" begin="00:03:00.241" end="00:03:02.690">paragraphs in your document.</p>
      <p xml:id="subtitle57" ttm:role="caption" begin="00:03:02.691" end="00:03:05.905">Turn these formatting marks on by<br />clicking the paragraph icon in</p>
      <p xml:id="subtitle58" ttm:role="caption" begin="00:03:05.906" end="00:03:07.757">the paragraph group on the Home tab.</p>
      <p xml:id="subtitle59" ttm:role="caption" begin="00:03:11.962" end="00:03:13.670">Hide them by clicking it again.</p>
      <p xml:id="subtitle60" ttm:role="caption" begin="00:03:15.870" end="00:03:19.050">You can customize which marks<br />to show in the display settings</p>
      <p xml:id="subtitle61" ttm:role="caption" begin="00:03:19.051" end="00:03:23.242">by clicking File, then Options.</p>
      <p xml:id="subtitle62" ttm:role="caption" begin="00:03:23.243" end="00:03:26.319">For now let's keep them off.</p>
      <p xml:id="subtitle63" ttm:role="caption" begin="00:03:28.076" end="00:03:31.724">Document Properties include details<br />such as Title, Author Name,</p>
      <p xml:id="subtitle64" ttm:role="caption" begin="00:03:31.725" end="00:03:33.740">Subject and Key Words.</p>
      <p xml:id="subtitle65" ttm:role="caption" begin="00:03:33.741" end="00:03:37.250">To change the right properties,<br />click the File Tab, then Info.</p>
      <p xml:id="subtitle66" ttm:role="caption" begin="00:03:39.830" end="00:03:42.700">Hover your pointer over<br />the property you want to update and</p>
      <p xml:id="subtitle67" ttm:role="caption" begin="00:03:42.701" end="00:03:44.200">enter the information.</p>
      <p xml:id="subtitle68" ttm:role="caption" begin="00:03:44.201" end="00:03:47.559">Let's change the title property<br />to Antarctica Newsletter.</p>
    </div>
  </body>
</tt>