﻿<?xml version="1.0" encoding="utf-8"?>
<tt xmlns:ttm="http://www.w3.org/ns/ttml#metadata" xmlns:ttp="http://www.w3.org/ns/ttml#parameter" xmlns:tts="http://www.w3.org/ns/ttml#styling" xml:lang="eng" xmlns="http://www.w3.org/ns/ttml">
  <head>
    <metadata>
      <ttm:title>Media.wvx.aib</ttm:title>
      <ttm:copyright>Copyright (c) 2015 Microsoft Corporation.  All rights reserved.</ttm:copyright>
    </metadata>
    <styling>
      <style xml:id="s1" tts:fontFamily="Segoe UI" tts:fontSize="13px" tts:textAlign="center" tts:color="white" />
    </styling>
    <layout>
      <region xml:id="subtitleArea" style="s1" tts:origin="0% 0%" tts:extent="100% 60px" tts:padding="3px 3px" tts:backgroundColor="black" tts:opacity="0.7" tts:displayAlign="center" tts:showBackground="whenActive" />
    </layout>
  </head>
  <body>
    <div region="subtitleArea">
      <p xml:id="subtitle1" ttm:role="caption" begin="00:00:00.508" end="00:00:04.881">Welcome to Module 10 for Word 2016.</p>
      <p xml:id="subtitle2" ttm:role="caption" begin="00:00:04.882" end="00:00:09.362">In this module, you'll learn how to<br />create a numbered or bulleted list,</p>
      <p xml:id="subtitle3" ttm:role="caption" begin="00:00:09.363" end="00:00:12.406">change bullet characters or<br />number formats, and</p>
      <p xml:id="subtitle4" ttm:role="caption" begin="00:00:12.407" end="00:00:14.150">define custom characters.</p>
      <p xml:id="subtitle5" ttm:role="caption" begin="00:00:14.151" end="00:00:18.102">Increase or decrease list levels,<br />and restart or</p>
      <p xml:id="subtitle6" ttm:role="caption" begin="00:00:18.103" end="00:00:20.370">continue numbering lists.</p>
      <p xml:id="subtitle7" ttm:role="caption" begin="00:00:20.371" end="00:00:23.289">Lists are a great way to draw<br />attention to ideas by separating</p>
      <p xml:id="subtitle8" ttm:role="caption" begin="00:00:23.290" end="00:00:26.400">them from the rest<br />of your paragraph.</p>
      <p xml:id="subtitle9" ttm:role="caption" begin="00:00:26.401" end="00:00:29.650">Go back to your list of<br />Fun Facts on page 1.</p>
      <p xml:id="subtitle10" ttm:role="caption" begin="00:00:29.651" end="00:00:33.210">Highlight your three facts.</p>
      <p xml:id="subtitle11" ttm:role="caption" begin="00:00:33.211" end="00:00:38.310">Select the bulleted list icon from<br />the paragraph group on the Home tab.</p>
      <p xml:id="subtitle12" ttm:role="caption" begin="00:00:38.311" end="00:00:41.190">Notice how the pictures<br />move to the next page.</p>
      <p xml:id="subtitle13" ttm:role="caption" begin="00:00:41.191" end="00:00:44.279">To fix this,<br />click the left indent button and</p>
      <p xml:id="subtitle14" ttm:role="caption" begin="00:00:44.280" end="00:00:47.544">delete the extra space at<br />the top of the column.</p>
      <p xml:id="subtitle15" ttm:role="caption" begin="00:00:50.434" end="00:00:52.595">If you want to change<br />to a numbered list,</p>
      <p xml:id="subtitle16" ttm:role="caption" begin="00:00:52.596" end="00:00:56.156">simply highlight the three<br />bullets you just inserted and</p>
      <p xml:id="subtitle17" ttm:role="caption" begin="00:00:56.157" end="00:01:00.224">click the numbering icon<br />on the paragraph group.</p>
      <p xml:id="subtitle18" ttm:role="caption" begin="00:01:00.225" end="00:01:03.713">To change the way the numbers or<br />bullets appear click the drop down</p>
      <p xml:id="subtitle19" ttm:role="caption" begin="00:01:03.714" end="00:01:06.741">arrow next to either<br />icon in the group and</p>
      <p xml:id="subtitle20" ttm:role="caption" begin="00:01:06.742" end="00:01:09.479">select your preferred format.</p>
      <p xml:id="subtitle21" ttm:role="caption" begin="00:01:09.480" end="00:01:13.178">At the bottom of the menu is<br />an option to change list level which</p>
      <p xml:id="subtitle22" ttm:role="caption" begin="00:01:13.179" end="00:01:16.380">indents your list to<br />an even greater degree.</p>
      <p xml:id="subtitle23" ttm:role="caption" begin="00:01:16.381" end="00:01:19.670">Let's keep ours at the first level.</p>
      <p xml:id="subtitle24" ttm:role="caption" begin="00:01:19.671" end="00:01:23.020">Since you've changed your<br />list to one with numbers,</p>
      <p xml:id="subtitle25" ttm:role="caption" begin="00:01:23.021" end="00:01:25.260">you have some additional options.</p>
      <p xml:id="subtitle26" ttm:role="caption" begin="00:01:25.261" end="00:01:28.430">Let's say you created a list<br />in a previous paragraph and</p>
      <p xml:id="subtitle27" ttm:role="caption" begin="00:01:28.431" end="00:01:30.090">wanted to continue that list here.</p>
      <p xml:id="subtitle28" ttm:role="caption" begin="00:01:30.091" end="00:01:34.021">Right-clicking on the list gives<br />you additional options such as</p>
      <p xml:id="subtitle29" ttm:role="caption" begin="00:01:34.022" end="00:01:37.966">Restart at One, Continue Numbering,<br />and Set Numbering Value.</p>
      <p xml:id="subtitle30" ttm:role="caption" begin="00:01:37.967" end="00:01:39.818">These come in very handy at times.</p>
    </div>
  </body>
</tt>