﻿<?xml version="1.0" encoding="utf-8"?>
<tt xmlns:ttm="http://www.w3.org/ns/ttml#metadata" xmlns:ttp="http://www.w3.org/ns/ttml#parameter" xmlns:tts="http://www.w3.org/ns/ttml#styling" xml:lang="eng" xmlns="http://www.w3.org/ns/ttml">
  <head>
    <metadata>
      <ttm:title>Media.wvx.aib</ttm:title>
      <ttm:copyright>Copyright (c) 2015 Microsoft Corporation.  All rights reserved.</ttm:copyright>
    </metadata>
    <styling>
      <style xml:id="s1" tts:fontFamily="Segoe UI" tts:fontSize="13px" tts:textAlign="center" tts:color="white" />
    </styling>
    <layout>
      <region xml:id="subtitleArea" style="s1" tts:origin="0% 0%" tts:extent="100% 60px" tts:padding="3px 3px" tts:backgroundColor="black" tts:opacity="0.7" tts:displayAlign="center" tts:showBackground="whenActive" />
    </layout>
  </head>
  <body>
    <div region="subtitleArea">
      <p xml:id="subtitle1" ttm:role="caption" begin="00:00:01.029" end="00:00:04.840">Welcome to Module 5 for Word 2016.</p>
      <p xml:id="subtitle2" ttm:role="caption" begin="00:00:04.841" end="00:00:08.800">In this module, you will learn how<br />to format text by applying font</p>
      <p xml:id="subtitle3" ttm:role="caption" begin="00:00:08.801" end="00:00:12.976">formatting, styles and highlighting,<br />using the format painter,</p>
      <p xml:id="subtitle4" ttm:role="caption" begin="00:00:12.977" end="00:00:17.152">setting line and paragraph spacing,<br />changing the text to WordArt,</p>
      <p xml:id="subtitle5" ttm:role="caption" begin="00:00:17.153" end="00:00:18.960">and how to clear formatting.</p>
      <p xml:id="subtitle6" ttm:role="caption" begin="00:00:20.040" end="00:00:23.579">Formatting a document makes<br />it easier to read and</p>
      <p xml:id="subtitle7" ttm:role="caption" begin="00:00:23.580" end="00:00:25.573">more visually appealing.</p>
      <p xml:id="subtitle8" ttm:role="caption" begin="00:00:25.574" end="00:00:28.485">Highlight the word Title and<br />replace it with Antarctica.</p>
      <p xml:id="subtitle9" ttm:role="caption" begin="00:00:34.942" end="00:00:38.594">Type Effects of Temperature Change<br />in the Subtitle.</p>
      <p xml:id="subtitle10" ttm:role="caption" begin="00:00:46.639" end="00:00:50.222">Next, replace How to<br />Use This Template with Overview.</p>
      <p xml:id="subtitle11" ttm:role="caption" begin="00:00:54.200" end="00:00:58.160">Notice how a mini toolbar appears<br />after you select the text.</p>
      <p xml:id="subtitle12" ttm:role="caption" begin="00:01:00.530" end="00:01:04.635">Here you can change the font style,<br />size, color and even highlight it,</p>
      <p xml:id="subtitle13" ttm:role="caption" begin="00:01:04.636" end="00:01:05.657">or apply a style.</p>
      <p xml:id="subtitle14" ttm:role="caption" begin="00:01:13.384" end="00:01:17.205">Let's bold the font and<br />change the color to orange.</p>
      <p xml:id="subtitle15" ttm:role="caption" begin="00:01:19.183" end="00:01:21.890">Don't worry if the mini<br />toolbar disappears.</p>
      <p xml:id="subtitle16" ttm:role="caption" begin="00:01:21.891" end="00:01:24.450">You can easily make it appear again,<br />by right-clicking or</p>
      <p xml:id="subtitle17" ttm:role="caption" begin="00:01:24.451" end="00:01:25.490">going to the Home tab.</p>
      <p xml:id="subtitle18" ttm:role="caption" begin="00:01:27.500" end="00:01:30.730">You can use the Format Painter and<br />the Clipboard group to quickly apply</p>
      <p xml:id="subtitle19" ttm:role="caption" begin="00:01:30.731" end="00:01:33.234">the same formatting to<br />multiple pieces of text.</p>
      <p xml:id="subtitle20" ttm:role="caption" begin="00:01:34.720" end="00:01:36.131">Highlight your first paragraph.</p>
      <p xml:id="subtitle21" ttm:role="caption" begin="00:01:45.145" end="00:01:47.217">Next, click the Format Painter.</p>
      <p xml:id="subtitle22" ttm:role="caption" begin="00:01:50.296" end="00:01:53.888">Now move your cursor,<br />which has changed to a paintbrush,</p>
      <p xml:id="subtitle23" ttm:role="caption" begin="00:01:53.889" end="00:01:56.308">over the next paragraph<br />by clicking and</p>
      <p xml:id="subtitle24" ttm:role="caption" begin="00:01:56.309" end="00:02:02.010">dragging over the text See that the<br />text replicated the format above.</p>
      <p xml:id="subtitle25" ttm:role="caption" begin="00:02:03.550" end="00:02:06.030">However, it looks better<br />in the previous way.</p>
      <p xml:id="subtitle26" ttm:role="caption" begin="00:02:06.031" end="00:02:09.630">Let's Undo to return the text to<br />black by clicking the Undo arrow</p>
      <p xml:id="subtitle27" ttm:role="caption" begin="00:02:09.631" end="00:02:13.900">in the upper left corner or by using<br />the keyboard shortcut Ctrl &gt; Z.</p>
      <p xml:id="subtitle28" ttm:role="caption" begin="00:02:15.660" end="00:02:17.040">You can apply line and</p>
      <p xml:id="subtitle29" ttm:role="caption" begin="00:02:17.041" end="00:02:20.150">paragraph spacing to make<br />your document easier to read.</p>
      <p xml:id="subtitle30" ttm:role="caption" begin="00:02:21.870" end="00:02:24.630">Select the text that you wanna<br />modify and click the Line and</p>
      <p xml:id="subtitle31" ttm:role="caption" begin="00:02:24.631" end="00:02:26.952">Paragraph Spacing icon<br />on the Paragraph group.</p>
      <p xml:id="subtitle32" ttm:role="caption" begin="00:02:36.424" end="00:02:38.304">Here you can change<br />the line spacing,</p>
      <p xml:id="subtitle33" ttm:role="caption" begin="00:02:38.305" end="00:02:42.120">as well as add or remove spaces<br />before and after paragraphs.</p>
      <p xml:id="subtitle34" ttm:role="caption" begin="00:02:42.121" end="00:02:46.164">Let's indent the first<br />line of each paragraph.</p>
      <p xml:id="subtitle35" ttm:role="caption" begin="00:02:46.165" end="00:02:50.922">In the Indentation section of this<br />tab, change the special selection by</p>
      <p xml:id="subtitle36" ttm:role="caption" begin="00:02:50.923" end="00:02:54.752">clicking the drop-down arrow and<br />selecting First Line.</p>
      <p xml:id="subtitle37" ttm:role="caption" begin="00:02:57.085" end="00:03:01.610">The By box lists 0.5<br />inches by default.</p>
      <p xml:id="subtitle38" ttm:role="caption" begin="00:03:01.611" end="00:03:02.180">Click OK.</p>
      <p xml:id="subtitle39" ttm:role="caption" begin="00:03:04.640" end="00:03:07.850">The first line of each<br />paragraph is indented 0.5</p>
      <p xml:id="subtitle40" ttm:role="caption" begin="00:03:07.851" end="00:03:09.820">inches from the left margin.</p>
      <p xml:id="subtitle41" ttm:role="caption" begin="00:03:11.240" end="00:03:14.140">Now let's put some space<br />between the paragraphs.</p>
      <p xml:id="subtitle42" ttm:role="caption" begin="00:03:14.141" end="00:03:16.270">Select the entire selection of text.</p>
      <p xml:id="subtitle43" ttm:role="caption" begin="00:03:17.830" end="00:03:19.570">Go back to the paragraph<br />dialogue box.</p>
      <p xml:id="subtitle44" ttm:role="caption" begin="00:03:21.440" end="00:03:23.493">In the Spacing section,</p>
      <p xml:id="subtitle45" ttm:role="caption" begin="00:03:23.494" end="00:03:27.899">click the up arrow next to<br />Before until it reads 12.</p>
      <p xml:id="subtitle46" ttm:role="caption" begin="00:03:27.900" end="00:03:32.511">Click the up arrow next to<br />After until it reads 12.</p>
      <p xml:id="subtitle47" ttm:role="caption" begin="00:03:32.512" end="00:03:34.047">Review the preview area, and</p>
      <p xml:id="subtitle48" ttm:role="caption" begin="00:03:34.048" end="00:03:36.570">notice the increase of<br />spacing in the document.</p>
      <p xml:id="subtitle49" ttm:role="caption" begin="00:03:37.590" end="00:03:38.200">Click OK.</p>
      <p xml:id="subtitle50" ttm:role="caption" begin="00:03:40.320" end="00:03:42.631">Notice the spacing<br />between the paragraphs.</p>
      <p xml:id="subtitle51" ttm:role="caption" begin="00:03:42.632" end="00:03:44.923">Now all of the paragraphs<br />are nicely spaced,</p>
      <p xml:id="subtitle52" ttm:role="caption" begin="00:03:44.924" end="00:03:46.980">making the information<br />easier to read.</p>
      <p xml:id="subtitle53" ttm:role="caption" begin="00:03:49.240" end="00:03:51.970">Another option for<br />making text stand out is WordArt.</p>
      <p xml:id="subtitle54" ttm:role="caption" begin="00:03:53.240" end="00:03:57.365">WordArt applies special effects,<br />including colorful fill and</p>
      <p xml:id="subtitle55" ttm:role="caption" begin="00:03:57.366" end="00:03:58.133">outlines.</p>
      <p xml:id="subtitle56" ttm:role="caption" begin="00:03:58.134" end="00:04:00.904">Put the cursor at<br />the end of the text.</p>
      <p xml:id="subtitle57" ttm:role="caption" begin="00:04:00.905" end="00:04:03.672">Hit Enter once.</p>
      <p xml:id="subtitle58" ttm:role="caption" begin="00:04:03.673" end="00:04:05.070">And Backspace key once.</p>
      <p xml:id="subtitle59" ttm:role="caption" begin="00:04:07.000" end="00:04:08.603">Type Fun Facts.</p>
      <p xml:id="subtitle60" ttm:role="caption" begin="00:04:11.584" end="00:04:13.140">Highlight Fun Facts.</p>
      <p xml:id="subtitle61" ttm:role="caption" begin="00:04:14.930" end="00:04:18.100">Click the Insert tab and<br />find the Text group.</p>
      <p xml:id="subtitle62" ttm:role="caption" begin="00:04:18.101" end="00:04:21.407">Click the icon with the letter A and<br />choose a style from the list.</p>
      <p xml:id="subtitle63" ttm:role="caption" begin="00:04:26.723" end="00:04:28.592">Now choose a different style.</p>
      <p xml:id="subtitle64" ttm:role="caption" begin="00:04:38.492" end="00:04:41.480">The selected text will change and<br />a Format tab will appear on</p>
      <p xml:id="subtitle65" ttm:role="caption" begin="00:04:41.481" end="00:04:44.360">the ribbon, giving you lots<br />of customization options.</p>
      <p xml:id="subtitle66" ttm:role="caption" begin="00:04:45.430" end="00:04:48.890">Take a few minutes to look up three<br />Fun Facts about Antarctica, and</p>
      <p xml:id="subtitle67" ttm:role="caption" begin="00:04:48.891" end="00:04:50.310">list them below your new title.</p>
      <p xml:id="subtitle68" ttm:role="caption" begin="00:04:53.780" end="00:04:57.180">At this point,<br />you've altered the text quite a bit.</p>
      <p xml:id="subtitle69" ttm:role="caption" begin="00:04:57.181" end="00:04:59.150">If you don't like<br />the changes you've made and</p>
      <p xml:id="subtitle70" ttm:role="caption" begin="00:04:59.151" end="00:05:02.220">you don't want to hit the Undo arrow<br />a bunch of times, the solution is</p>
      <p xml:id="subtitle71" ttm:role="caption" begin="00:05:02.221" end="00:05:04.940">to use the Clear All Formatting<br />command found in the Font group.</p>
      <p xml:id="subtitle72" ttm:role="caption" begin="00:05:05.960" end="00:05:08.460">To do this you would select<br />the text you've been formatting</p>
      <p xml:id="subtitle73" ttm:role="caption" begin="00:05:08.461" end="00:05:10.700">in the module and<br />click Clear All Formatting.</p>
      <p xml:id="subtitle74" ttm:role="caption" begin="00:05:11.920" end="00:05:14.712">However, let's keep what<br />we have done so far.</p>
    </div>
  </body>
</tt>