﻿<?xml version="1.0" encoding="UTF-8"?>
<objectives>
  <objective name="New Assessment" id="">
    <scenario type="none">
      <title><![CDATA[]]></title>
      <text><![CDATA[]]></text>
      <audio key="" />
    </scenario>
    <question id="" type="" randomize="true" distractorsCount="1" feedbackStyle="correct-incorrect" radioButtonStyle="standard">
      <prompt><![CDATA[]]></prompt>
      <choice correct="false"><![CDATA[]]></choice>
      <feedbackCorrect><![CDATA[]]></feedbackCorrect>
      <feedbackIncorrect><![CDATA[]]></feedbackIncorrect>
    </question>
  </objective>
</objectives>