﻿<?xml version="1.0" encoding="utf-8"?>
<tt xmlns:ttm="http://www.w3.org/ns/ttml#metadata" xmlns:ttp="http://www.w3.org/ns/ttml#parameter" xmlns:tts="http://www.w3.org/ns/ttml#styling" xml:lang="eng" xmlns="http://www.w3.org/ns/ttml">
  <head>
    <metadata>
      <ttm:title>Media.wvx.aib</ttm:title>
      <ttm:copyright>Copyright (c) 2015 Microsoft Corporation.  All rights reserved.</ttm:copyright>
    </metadata>
    <styling>
      <style xml:id="s1" tts:fontFamily="Segoe UI" tts:fontSize="13px" tts:textAlign="center" tts:color="white" />
    </styling>
    <layout>
      <region xml:id="subtitleArea" style="s1" tts:origin="0% 0%" tts:extent="100% 60px" tts:padding="3px 3px" tts:backgroundColor="black" tts:opacity="0.7" tts:displayAlign="center" tts:showBackground="whenActive" />
    </layout>
  </head>
  <body>
    <div region="subtitleArea">
      <p xml:id="subtitle1" ttm:role="caption" begin="00:00:00.380" end="00:00:02.290">Welcome to Module 11 for Word 2016.</p>
      <p xml:id="subtitle2" ttm:role="caption" begin="00:00:02.291" end="00:00:04.770">In this module,</p>
      <p xml:id="subtitle3" ttm:role="caption" begin="00:00:04.771" end="00:00:07.760">you'll learn how to create a table<br />by specifying rows and columns,</p>
      <p xml:id="subtitle4" ttm:role="caption" begin="00:00:07.761" end="00:00:11.770">converting text to tables or tables<br />to text and applying table styles.</p>
      <p xml:id="subtitle5" ttm:role="caption" begin="00:00:13.288" end="00:00:15.470">Sometimes, you wanns start<br />with a blank table and</p>
      <p xml:id="subtitle6" ttm:role="caption" begin="00:00:15.471" end="00:00:16.820">enter data directly into it.</p>
      <p xml:id="subtitle7" ttm:role="caption" begin="00:00:17.990" end="00:00:20.214">Delete the text and<br />table next to the penguin.</p>
      <p xml:id="subtitle8" ttm:role="caption" begin="00:00:23.962" end="00:00:26.990">To delete a table, highlight<br />the table and click backspace.</p>
      <p xml:id="subtitle9" ttm:role="caption" begin="00:00:28.830" end="00:00:31.440">Click the Insert tab and<br />click Table.</p>
      <p xml:id="subtitle10" ttm:role="caption" begin="00:00:33.480" end="00:00:37.050">A menu appears with a 10<br />by 8 grid of white spaces.</p>
      <p xml:id="subtitle11" ttm:role="caption" begin="00:00:37.051" end="00:00:40.000">Hover your mouse over this grid<br />to select the number of rows and</p>
      <p xml:id="subtitle12" ttm:role="caption" begin="00:00:40.001" end="00:00:41.220">columns that you want to have.</p>
      <p xml:id="subtitle13" ttm:role="caption" begin="00:00:42.680" end="00:00:45.440">Left clicking will insert<br />the table into your document and</p>
      <p xml:id="subtitle14" ttm:role="caption" begin="00:00:45.441" end="00:00:47.420">the location of your cursor.</p>
      <p xml:id="subtitle15" ttm:role="caption" begin="00:00:47.421" end="00:00:51.011">Let's just make a 2 by 2 table.</p>
      <p xml:id="subtitle16" ttm:role="caption" begin="00:00:51.012" end="00:00:52.874">Add the following information.</p>
      <p xml:id="subtitle17" ttm:role="caption" begin="00:00:52.875" end="00:00:54.604">HIgher average temperatures.</p>
      <p xml:id="subtitle18" ttm:role="caption" begin="00:00:58.155" end="00:00:59.792">Smaller krill population.</p>
      <p xml:id="subtitle19" ttm:role="caption" begin="00:01:04.186" end="00:01:06.001">Reduction in sea ice.</p>
      <p xml:id="subtitle20" ttm:role="caption" begin="00:01:09.926" end="00:01:11.985">Reduction in emperor penguins.</p>
      <p xml:id="subtitle21" ttm:role="caption" begin="00:01:18.816" end="00:01:21.850">Let's add more information<br />about animals in Antarctica.</p>
      <p xml:id="subtitle22" ttm:role="caption" begin="00:01:23.505" end="00:01:24.800">Add the bulleted list,</p>
      <p xml:id="subtitle23" ttm:role="caption" begin="00:01:24.801" end="00:01:28.420">found in your Antarctica information<br />document, included with this course.</p>
      <p xml:id="subtitle24" ttm:role="caption" begin="00:01:29.475" end="00:01:31.660">Paste this list under your table.</p>
      <p xml:id="subtitle25" ttm:role="caption" begin="00:01:31.661" end="00:01:34.610">Let's change the list to a table.</p>
      <p xml:id="subtitle26" ttm:role="caption" begin="00:01:34.611" end="00:01:36.280">First, highlight the list.</p>
      <p xml:id="subtitle27" ttm:role="caption" begin="00:01:37.770" end="00:01:41.620">Second, click the Insert tab,<br />then the table icon and</p>
      <p xml:id="subtitle28" ttm:role="caption" begin="00:01:41.621" end="00:01:43.310">select convert text to table.</p>
      <p xml:id="subtitle29" ttm:role="caption" begin="00:01:45.860" end="00:01:47.620">Now, you can choose<br />the number of columns and</p>
      <p xml:id="subtitle30" ttm:role="caption" begin="00:01:47.621" end="00:01:51.010">rows, as well as tell Word<br />how to separate the text.</p>
      <p xml:id="subtitle31" ttm:role="caption" begin="00:01:51.011" end="00:01:53.490">Let's keep the default options<br />selected and click OK.</p>
      <p xml:id="subtitle32" ttm:role="caption" begin="00:01:55.540" end="00:01:57.500">You can also turn a table to text.</p>
      <p xml:id="subtitle33" ttm:role="caption" begin="00:01:58.810" end="00:02:01.740">With your table still highlighted,<br />on the Layout tab,</p>
      <p xml:id="subtitle34" ttm:role="caption" begin="00:02:01.741" end="00:02:05.420">click the Convert to Text option<br />on the far right of the ribbon and</p>
      <p xml:id="subtitle35" ttm:role="caption" begin="00:02:05.421" end="00:02:07.900">tell Word to separate text<br />with paragraph markers.</p>
      <p xml:id="subtitle36" ttm:role="caption" begin="00:02:09.280" end="00:02:10.977">Click OK.</p>
      <p xml:id="subtitle37" ttm:role="caption" begin="00:02:10.978" end="00:02:13.460">Click Undo to return<br />the text to a table.</p>
      <p xml:id="subtitle38" ttm:role="caption" begin="00:02:16.110" end="00:02:18.400">You can adjust the table<br />style to change border,</p>
      <p xml:id="subtitle39" ttm:role="caption" begin="00:02:18.401" end="00:02:19.940">shading, alignment and fonts.</p>
      <p xml:id="subtitle40" ttm:role="caption" begin="00:02:21.580" end="00:02:23.830">With the table highlighted,<br />click the Design tab.</p>
      <p xml:id="subtitle41" ttm:role="caption" begin="00:02:26.340" end="00:02:29.370">In the middle of the ribbon, click<br />the drop down arrow next to the long</p>
      <p xml:id="subtitle42" ttm:role="caption" begin="00:02:29.371" end="00:02:31.500">rectangular icon in<br />the table style group.</p>
      <p xml:id="subtitle43" ttm:role="caption" begin="00:02:32.500" end="00:02:35.414">Let's apply a style from row<br />five with a darker header row.</p>
    </div>
  </body>
</tt>