﻿<?xml version="1.0" encoding="UTF-8"?>
<objectives>
  <objective name="Create a Document" id="1">
    <scenario type="None">
      <audio />
    </scenario>
    <question id="1" type="true-false" randomize="true" distractorsCount="0" feedbackStyle="correct-incorrect" radioButtonStyle="standard" difficulty="1" createdVersion="1.0.0.0">
      <prompt>It is possible to edit a PDF in Word.</prompt>
      <choice correct="true" id="1" indexLocked="false">True</choice>
      <choice correct="false" id="2" indexLocked="false">False</choice>
      <feedbackCorrect />
      <feedbackIncorrect />
      <feedback />
      <feedback />
    </question>
    <question id="2" type="choice" randomize="true" distractorsCount="0" feedbackStyle="correct-incorrect" radioButtonStyle="standard" difficulty="1" createdVersion="1.0.0.0">
      <prompt>Upon opening Word, the most recently used documents appear on which side of the screen in a large blue bar?</prompt>
      <choice correct="true" id="1" indexLocked="true">Left</choice>
      <choice correct="false" id="2" indexLocked="true">Right</choice>
      <choice correct="false" id="3" indexLocked="true">Top</choice>
      <choice correct="false" id="4" indexLocked="true">Bottom</choice>
      <feedbackCorrect />
      <feedbackIncorrect />
      <feedback />
      <feedback />
      <feedback />
      <feedback />
    </question>
  </objective>
  <objective name="Customize Options and Views" id="2">
    <scenario type="None">
      <audio />
    </scenario>
    <question id="1" type="choice" randomize="true" distractorsCount="0" feedbackStyle="correct-incorrect" radioButtonStyle="standard" difficulty="1" createdVersion="1.0.0.0">
      <prompt>The headings that appear on the Ribbon, such as File, Home, and Insert, are called: </prompt>
      <choice correct="false" id="1" indexLocked="true">groups</choice>
      <choice correct="true" id="2" indexLocked="true">tabs</choice>
      <choice correct="false" id="3" indexLocked="true">shortcuts</choice>
      <choice correct="false" id="4" indexLocked="true">menus</choice>
      <feedbackCorrect />
      <feedbackIncorrect />
      <feedback />
      <feedback />
      <feedback />
      <feedback />
    </question>
    <question id="2" type="choice" randomize="true" distractorsCount="0" feedbackStyle="correct-incorrect" radioButtonStyle="standard" difficulty="1" createdVersion="1.0.0.3">
      <prompt>To modify the tools used most often and make them available above the main ribbon, right-click on the tool and put it into the:</prompt>
      <choice correct="false" id="1" indexLocked="true">View menu</choice>
      <choice correct="true" id="2" indexLocked="true">Quick Access Toolbar</choice>
      <choice correct="false" id="3" indexLocked="true">Accessibility Checker</choice>
      <feedbackCorrect />
      <feedbackIncorrect />
      <feedback />
      <feedback />
      <feedback />
    </question>
    <question id="3" type="choice" randomize="true" distractorsCount="0" feedbackStyle="correct-incorrect" radioButtonStyle="standard" difficulty="1" createdVersion="1.0.0.3">
      <prompt>Which of the following is an example of a document view in Word?</prompt>
      <choice correct="false" id="1" indexLocked="true">Print Layout</choice>
      <choice correct="false" id="2" indexLocked="true">Web Layout</choice>
      <choice correct="false" id="3" indexLocked="true">Outline</choice>
      <choice correct="true" id="4" indexLocked="true">All of the Above</choice>
      <feedbackCorrect />
      <feedbackIncorrect />
      <feedback />
      <feedback />
      <feedback />
      <feedback />
    </question>
  </objective>
  <objective name="Format a Document" id="3">
    <scenario type="None">
      <audio />
    </scenario>
    <question id="1" type="true-false" randomize="true" distractorsCount="0" feedbackStyle="correct-incorrect" radioButtonStyle="standard" difficulty="1" createdVersion="1.0.0.0">
      <prompt>Choosing a design theme for your document only applies to areas you've selected.</prompt>
      <choice correct="false" id="1" indexLocked="false">True</choice>
      <choice correct="true" id="2" indexLocked="false">False</choice>
      <feedbackCorrect />
      <feedbackIncorrect />
      <feedback />
      <feedback />
    </question>
    <question id="2" type="choice" randomize="true" distractorsCount="0" feedbackStyle="correct-incorrect" radioButtonStyle="standard" difficulty="1" createdVersion="1.0.0.0">
      <prompt>A document theme includes which of the following? </prompt>
      <choice correct="false" id="1" indexLocked="true">Colors</choice>
      <choice correct="false" id="2" indexLocked="true">Fonts</choice>
      <choice correct="false" id="3" indexLocked="true">Effects</choice>
      <choice correct="true" id="4" indexLocked="true">All of the above</choice>
      <feedbackCorrect />
      <feedbackIncorrect />
      <feedback />
      <feedback />
      <feedback />
      <feedback />
    </question>
    <question id="3" type="true-false" randomize="true" distractorsCount="0" feedbackStyle="correct-incorrect" radioButtonStyle="standard" difficulty="1" createdVersion="1.0.0.3">
      <prompt>Paper size refers to landscape or portrait orientation.</prompt>
      <choice correct="false" id="1" indexLocked="false">True</choice>
      <choice correct="true" id="2" indexLocked="false">False</choice>
      <feedbackCorrect />
      <feedbackIncorrect />
      <feedback />
      <feedback />
    </question>
  </objective>
  <objective name="Insert text and paragraphs" id="4">
    <scenario type="None">
      <audio />
    </scenario>
    <question id="1" type="choice" randomize="true" distractorsCount="0" feedbackStyle="correct-incorrect" radioButtonStyle="standard" difficulty="1" createdVersion="1.0.0.0">
      <prompt>How many options are there for Pasting text when using Cut/Copy and Paste?</prompt>
      <choice correct="false" id="1" indexLocked="true">1</choice>
      <choice correct="false" id="2" indexLocked="true">2</choice>
      <choice correct="true" id="3" indexLocked="true">3</choice>
      <choice correct="false" id="4" indexLocked="true">4</choice>
      <feedbackCorrect />
      <feedbackIncorrect />
      <feedback />
      <feedback />
      <feedback />
      <feedback />
    </question>
    <question id="2" type="true-false" randomize="true" distractorsCount="0" feedbackStyle="correct-incorrect" radioButtonStyle="standard" difficulty="1" createdVersion="1.0.0.3">
      <prompt>Inserting special characters in a document can be completed using the Ribbon or a keyboard shortcut.</prompt>
      <choice correct="true" id="1" indexLocked="false">True</choice>
      <choice correct="false" id="2" indexLocked="false">False</choice>
      <feedbackCorrect />
      <feedbackIncorrect />
      <feedback />
      <feedback />
    </question>
  </objective>
  <objective name="Format text and paragraphs" id="5">
    <scenario type="None">
      <audio />
    </scenario>
    <question id="1" type="choice" randomize="true" distractorsCount="0" feedbackStyle="correct-incorrect" radioButtonStyle="standard" difficulty="1" createdVersion="1.0.0.0">
      <prompt>Which of the following features removes all formatting from the selected text? </prompt>
      <choice correct="false" id="1" indexLocked="true">All Formatting Cleared</choice>
      <choice correct="false" id="2" indexLocked="true">Erase All Formatting</choice>
      <choice correct="false" id="3" indexLocked="true">Remove All Formatting</choice>
      <choice correct="true" id="4" indexLocked="true">Clear All Formatting</choice>
      <feedbackCorrect />
      <feedbackIncorrect />
      <feedback />
      <feedback />
      <feedback />
      <feedback />
    </question>
  </objective>
  <objective name="Ordering and group text and paragraphs" id="6">
    <scenario type="None">
      <audio />
    </scenario>
    <question id="1" type="choice" randomize="true" distractorsCount="0" feedbackStyle="correct-incorrect" radioButtonStyle="standard" difficulty="1" createdVersion="1.0.0.0">
      <prompt>Which of the following makes it possible to change the layout of part of a document without affecting the entire document?</prompt>
      <choice correct="false" id="1" indexLocked="true">Columns</choice>
      <choice correct="false" id="2" indexLocked="true">Page Breaks</choice>
      <choice correct="true" id="3" indexLocked="true">Section Breaks</choice>
      <choice correct="false" id="4" indexLocked="true">None of the Above</choice>
      <feedbackCorrect />
      <feedbackIncorrect />
      <feedback />
      <feedback />
      <feedback />
      <feedback />
    </question>
  </objective>
  <objective name="Insert graphic elements" id="7">
    <scenario type="None">
      <audio />
    </scenario>
    <question id="1" type="true-false" randomize="true" distractorsCount="0" feedbackStyle="correct-incorrect" radioButtonStyle="standard" difficulty="1" createdVersion="1.0.0.3">
      <prompt>You can add images to a Word document without leaving the page.</prompt>
      <choice correct="true" id="1" indexLocked="false">True</choice>
      <choice correct="false" id="2" indexLocked="false">False</choice>
      <feedbackCorrect />
      <feedbackIncorrect />
      <feedback />
      <feedback />
    </question>
  </objective>
  <objective name="Format graphic elements" id="8">
    <scenario type="None">
      <audio />
    </scenario>
    <question id="1" type="choice" randomize="true" distractorsCount="0" feedbackStyle="correct-incorrect" radioButtonStyle="standard" difficulty="1" createdVersion="1.0.0.0">
      <prompt>Opening the Modify Style dialog box enables you to:</prompt>
      <choice correct="false" id="1" indexLocked="true">change formatting</choice>
      <choice correct="false" id="2" indexLocked="true">change the alignment</choice>
      <choice correct="false" id="3" indexLocked="true">change the line spacing</choice>
      <choice correct="true" id="4" indexLocked="true">All of the above</choice>
      <feedbackCorrect />
      <feedbackIncorrect />
      <feedback />
      <feedback />
      <feedback />
      <feedback />
    </question>
  </objective>
  <objective name="Inserting and format SmartArt graphics" id="9">
    <scenario type="None">
      <audio />
    </scenario>
    <question id="1" type="true-false" randomize="true" distractorsCount="0" feedbackStyle="correct-incorrect" radioButtonStyle="standard" difficulty="1" createdVersion="1.0.0.0">
      <prompt>You can't change the color of a SmartArt Graphic.</prompt>
      <choice correct="false" id="1" indexLocked="false">True</choice>
      <choice correct="true" id="2" indexLocked="false">False</choice>
      <feedbackCorrect />
      <feedbackIncorrect />
      <feedback />
      <feedback />
    </question>
    <question id="2" type="true-false" randomize="true" distractorsCount="0" feedbackStyle="correct-incorrect" radioButtonStyle="standard" difficulty="1" createdVersion="1.0.0.0">
      <prompt>Images on a document can be converted to SmartArt with captions.</prompt>
      <choice correct="true" id="1" indexLocked="false">True</choice>
      <choice correct="false" id="2" indexLocked="false">False</choice>
      <feedbackCorrect />
      <feedbackIncorrect />
      <feedback />
      <feedback />
    </question>
  </objective>
  <objective name="Creating and Modify a List" id="10">
    <scenario type="None">
      <audio />
    </scenario>
    <question id="1" type="true-false" randomize="true" distractorsCount="0" feedbackStyle="correct-incorrect" radioButtonStyle="standard" difficulty="1" createdVersion="1.0.0.0">
      <prompt>It is not possible to continue a numbered list where you left off in a previous paragraph.</prompt>
      <choice correct="false" id="1" indexLocked="false">True</choice>
      <choice correct="true" id="2" indexLocked="false">False</choice>
      <feedbackCorrect />
      <feedbackIncorrect />
      <feedback />
      <feedback />
    </question>
    <question id="2" type="choice" randomize="true" distractorsCount="0" feedbackStyle="correct-incorrect" radioButtonStyle="standard" difficulty="1" createdVersion="1.0.0.0">
      <prompt>Bullets can be defined by adding which of the following?</prompt>
      <choice correct="true" id="1" indexLocked="true">A symbol</choice>
      <choice correct="false" id="2" indexLocked="true">A box</choice>
      <choice correct="false" id="3" indexLocked="true">A picture</choice>
      <choice correct="false" id="4" indexLocked="true">All of the above</choice>
      <feedbackCorrect />
      <feedbackIncorrect />
      <feedback />
      <feedback />
      <feedback />
      <feedback />
    </question>
  </objective>
  <objective name="Create a table" id="11">
    <scenario type="None">
      <audio />
    </scenario>
    <question id="1" type="true-false" randomize="true" distractorsCount="0" feedbackStyle="correct-incorrect" radioButtonStyle="standard" difficulty="1" createdVersion="1.0.0.0">
      <prompt>When you know how many rows and columns you need in a table, the quickest way to create the table is by dragging over the grid in the Table menu.</prompt>
      <choice correct="true" id="1" indexLocked="false">True</choice>
      <choice correct="false" id="2" indexLocked="false">False</choice>
      <feedbackCorrect />
      <feedbackIncorrect />
      <feedback />
      <feedback />
    </question>
  </objective>
  <objective name="Modify a table" id="12">
    <scenario type="None">
      <audio />
    </scenario>
    <question id="1" type="choice" randomize="true" distractorsCount="0" feedbackStyle="correct-incorrect" radioButtonStyle="standard" difficulty="1" createdVersion="1.0.0.3">
      <prompt>Combining two or more cells into one cell uses a Word feature called:</prompt>
      <choice correct="false" id="1" indexLocked="true">Split Cells</choice>
      <choice correct="true" id="2" indexLocked="true">Merge Cells</choice>
      <choice correct="false" id="3" indexLocked="true">Merge All Cells</choice>
      <choice correct="false" id="4" indexLocked="true">Merge Selected Cells</choice>
      <feedbackCorrect />
      <feedbackIncorrect />
      <feedback />
      <feedback />
      <feedback />
      <feedback />
    </question>
    <question id="2" type="true-false" randomize="true" distractorsCount="0" feedbackStyle="correct-incorrect" radioButtonStyle="standard" difficulty="1" createdVersion="1.0.0.3">
      <prompt>You can adjust table styles in the Insert tab on the ribbon.</prompt>
      <choice correct="false" id="1" indexLocked="false">True</choice>
      <choice correct="true" id="2" indexLocked="false">False</choice>
      <feedbackCorrect />
      <feedbackIncorrect />
      <feedback />
      <feedback />
    </question>
    <question id="3" type="true-false" randomize="true" distractorsCount="0" feedbackStyle="correct-incorrect" radioButtonStyle="standard" difficulty="1" createdVersion="1.0.0.3">
      <prompt>You can sort data in a table in Word similar to the way you can in Excel.</prompt>
      <choice correct="true" id="1" indexLocked="false">True</choice>
      <choice correct="false" id="2" indexLocked="false">False</choice>
      <feedbackCorrect />
      <feedbackIncorrect />
      <feedback />
      <feedback />
    </question>
  </objective>
  <objective name="Create and Manage Reference Markers" id="13">
    <scenario type="None">
      <audio />
    </scenario>
    <question id="1" type="true-false" randomize="true" distractorsCount="0" feedbackStyle="correct-incorrect" radioButtonStyle="standard" difficulty="1" createdVersion="1.0.0.3">
      <prompt>When adding citations, you can insert sources from documents other than the one you are editing.</prompt>
      <choice correct="true" id="1" indexLocked="false">True</choice>
      <choice correct="false" id="2" indexLocked="false">False</choice>
      <feedbackCorrect />
      <feedbackIncorrect />
      <feedback />
      <feedback />
    </question>
    <question id="2" type="true-false" randomize="true" distractorsCount="0" feedbackStyle="correct-incorrect" radioButtonStyle="standard" difficulty="1" createdVersion="1.0.0.3">
      <prompt>An endnote is a citation that is placed at the end of the document.</prompt>
      <choice correct="true" id="1" indexLocked="false">True</choice>
      <choice correct="false" id="2" indexLocked="false">False</choice>
      <feedbackCorrect />
      <feedbackIncorrect />
      <feedback />
      <feedback />
    </question>
  </objective>
  <objective name="Creating and Manage Simple References" id="14">
    <scenario type="None">
      <audio />
    </scenario>
    <question id="1" type="true-false" randomize="true" distractorsCount="0" feedbackStyle="correct-incorrect" radioButtonStyle="standard" difficulty="1" createdVersion="1.0.0.0">
      <prompt>After a text box has been inserted, the text box can be moved to another location in the document.</prompt>
      <choice correct="true" id="1" indexLocked="false">True</choice>
      <choice correct="false" id="2" indexLocked="false">False</choice>
      <feedbackCorrect />
      <feedbackIncorrect />
      <feedback />
      <feedback />
    </question>
    <question id="2" type="true-false" randomize="true" distractorsCount="0" feedbackStyle="correct-incorrect" radioButtonStyle="standard" difficulty="1" createdVersion="1.0.0.0">
      <prompt>It is not necessary to use heading styles when creating an automatic table of contents.</prompt>
      <choice correct="false" id="1" indexLocked="false">True</choice>
      <choice correct="true" id="2" indexLocked="false">False</choice>
      <feedbackCorrect />
      <feedbackIncorrect />
      <feedback />
      <feedback />
    </question>
    <question id="3" type="choice" randomize="true" distractorsCount="0" feedbackStyle="correct-incorrect" radioButtonStyle="standard" difficulty="1" createdVersion="1.0.0.3">
      <prompt>Which menu enables you to add content to the table of contents?</prompt>
      <choice correct="false" id="1" indexLocked="true">Update Table</choice>
      <choice correct="false" id="2" indexLocked="true">Add Text</choice>
      <choice correct="false" id="3" indexLocked="true">Add Bookmark</choice>
      <choice correct="true" id="4" indexLocked="true">None of the above</choice>
      <feedbackCorrect />
      <feedbackIncorrect />
      <feedback />
      <feedback />
      <feedback />
      <feedback />
    </question>
  </objective>
  <objective name="Navigate a document" id="15">
    <scenario type="None">
      <audio />
    </scenario>
    <question id="1" type="true-false" randomize="true" distractorsCount="0" feedbackStyle="correct-incorrect" radioButtonStyle="standard" difficulty="1" createdVersion="1.0.0.0">
      <prompt>You can add hyperlinks to pictures in a Word doc.</prompt>
      <choice correct="true" id="1" indexLocked="false">True</choice>
      <choice correct="false" id="2" indexLocked="false">False</choice>
      <feedbackCorrect />
      <feedbackIncorrect />
      <feedback />
      <feedback />
    </question>
  </objective>
  <objective name="Print and save documents" id="16">
    <scenario type="None">
      <audio />
    </scenario>
    <question id="1" type="true-false" randomize="true" distractorsCount="0" feedbackStyle="correct-incorrect" radioButtonStyle="standard" difficulty="1" createdVersion="1.0.0.0">
      <prompt>You cannot make Word documents accessible to those with disabilities.</prompt>
      <choice correct="false" id="1" indexLocked="false">True</choice>
      <choice correct="true" id="2" indexLocked="false">False</choice>
      <feedbackCorrect />
      <feedbackIncorrect />
      <feedback />
      <feedback />
    </question>
    <question id="2" type="true-false" randomize="true" distractorsCount="0" feedbackStyle="correct-incorrect" radioButtonStyle="standard" difficulty="1" createdVersion="1.0.0.0">
      <prompt>You can save Word documents as older versions of Word</prompt>
      <choice correct="true" id="1" indexLocked="false">True</choice>
      <choice correct="false" id="2" indexLocked="false">False</choice>
      <feedbackCorrect />
      <feedbackIncorrect />
      <feedback />
      <feedback />
    </question>
    <question id="3" type="choice" randomize="true" distractorsCount="0" feedbackStyle="correct-incorrect" radioButtonStyle="standard" difficulty="1" createdVersion="1.0.0.3">
      <prompt>Which command would you use to save a document for the first time?</prompt>
      <choice correct="false" id="1" indexLocked="true">Save</choice>
      <choice correct="false" id="2" indexLocked="true">Save As</choice>
      <choice correct="false" id="3" indexLocked="true">Save for the first time</choice>
      <choice correct="true" id="4" indexLocked="true">Either a or b</choice>
      <feedbackCorrect />
      <feedbackIncorrect />
      <feedback />
      <feedback />
      <feedback />
      <feedback />
    </question>
  </objective>
  <objective name="Final assessment for Microsoft Word 2016" id="17">
    <scenario type="None">
      <audio />
    </scenario>
    <question id="1" type="choice" randomize="true" distractorsCount="0" feedbackStyle="correct-incorrect" radioButtonStyle="standard" difficulty="1" createdVersion="1.0.0.0">
      <prompt>Hyperlinks can be linked to which of the following locations? </prompt>
      <choice correct="false" id="1" indexLocked="true">From one page to another page </choice>
      <choice correct="false" id="2" indexLocked="true">To a website</choice>
      <choice correct="false" id="3" indexLocked="true">To an email</choice>
      <choice correct="true" id="4" indexLocked="true">All of the above</choice>
      <feedbackCorrect />
      <feedbackIncorrect />
      <feedback />
      <feedback />
      <feedback />
      <feedback />
    </question>
    <question id="2" type="choice" randomize="true" distractorsCount="0" feedbackStyle="correct-incorrect" radioButtonStyle="standard" difficulty="1" createdVersion="1.0.0.0">
      <prompt>Lines, block arrows, stars, and banners are examples of which of the following? </prompt>
      <choice correct="false" id="1" indexLocked="true">Diagrams</choice>
      <choice correct="true" id="2" indexLocked="true">Shapes</choice>
      <choice correct="false" id="3" indexLocked="true">Flowcharts</choice>
      <choice correct="false" id="4" indexLocked="true">Quick Styles</choice>
      <feedbackCorrect />
      <feedbackIncorrect />
      <feedback />
      <feedback />
      <feedback />
      <feedback />
    </question>
    <question id="3" type="choice" randomize="true" distractorsCount="0" feedbackStyle="correct-incorrect" radioButtonStyle="standard" difficulty="1" createdVersion="1.0.0.0">
      <prompt>Which of the following tools provide options for formatting shapes? </prompt>
      <choice correct="true" id="1" indexLocked="true">Drawing</choice>
      <choice correct="false" id="2" indexLocked="true">Picture</choice>
      <choice correct="false" id="3" indexLocked="true">Text</choice>
      <choice correct="false" id="4" indexLocked="true">Effects</choice>
      <feedbackCorrect />
      <feedbackIncorrect />
      <feedback />
      <feedback />
      <feedback />
      <feedback />
    </question>
    <question id="4" type="true-false" randomize="true" distractorsCount="0" feedbackStyle="correct-incorrect" radioButtonStyle="standard" difficulty="1" createdVersion="1.0.0.0">
      <prompt>A watermark is text or a graphic printed behind text.</prompt>
      <choice correct="true" id="1" indexLocked="false">True</choice>
      <choice correct="false" id="2" indexLocked="false">False</choice>
      <feedbackCorrect />
      <feedbackIncorrect />
      <feedback />
      <feedback />
    </question>
    <question id="5" type="choice" randomize="true" distractorsCount="0" feedbackStyle="correct-incorrect" radioButtonStyle="standard" difficulty="1" createdVersion="1.0.0.0">
      <prompt>To preview a style or a theme, you must do which of the following? </prompt>
      <choice correct="true" id="1" indexLocked="true">Place your mouse pointer over the choice. </choice>
      <choice correct="false" id="2" indexLocked="true">Print the document. </choice>
      <choice correct="false" id="3" indexLocked="true">Set up the document properties. </choice>
      <choice correct="false" id="4" indexLocked="true">It is not possible to preview a style or theme.</choice>
      <feedbackCorrect />
      <feedbackIncorrect />
      <feedback />
      <feedback />
      <feedback />
      <feedback />
    </question>
    <question id="6" type="choice" randomize="true" distractorsCount="0" feedbackStyle="correct-incorrect" radioButtonStyle="standard" difficulty="1" createdVersion="1.0.0.0">
      <prompt>Using the Sort feature in a table sorts selected content in which of the following orders? </prompt>
      <choice correct="false" id="1" indexLocked="true">Ascending</choice>
      <choice correct="false" id="2" indexLocked="true">Descending</choice>
      <choice correct="false" id="3" indexLocked="true">Alphabetical order </choice>
      <choice correct="true" id="4" indexLocked="true">All of the above</choice>
      <feedbackCorrect />
      <feedbackIncorrect />
      <feedback />
      <feedback />
      <feedback />
      <feedback />
    </question>
    <question id="7" type="choice" randomize="true" distractorsCount="0" feedbackStyle="correct-incorrect" radioButtonStyle="standard" difficulty="1" createdVersion="1.0.0.0">
      <prompt>The first row of a table that is formatted differently than the rest of the table and contains information to identify the data in the column is called a: </prompt>
      <choice correct="false" id="1" indexLocked="true">total row</choice>
      <choice correct="false" id="2" indexLocked="true">banded column</choice>
      <choice correct="false" id="3" indexLocked="true">header column</choice>
      <choice correct="true" id="4" indexLocked="true">header row</choice>
      <feedbackCorrect />
      <feedbackIncorrect />
      <feedback />
      <feedback />
      <feedback />
      <feedback />
    </question>
    <question id="8" type="true-false" randomize="true" distractorsCount="0" feedbackStyle="correct-incorrect" radioButtonStyle="standard" difficulty="1" createdVersion="1.0.0.0">
      <prompt>A page height that is larger than the page width is characteristic of portrait orientation.</prompt>
      <choice correct="true" id="1" indexLocked="false">True</choice>
      <choice correct="false" id="2" indexLocked="false">False</choice>
      <feedbackCorrect />
      <feedbackIncorrect />
      <feedback />
      <feedback />
    </question>
    <question id="9" type="true-false" randomize="true" distractorsCount="0" feedbackStyle="correct-incorrect" radioButtonStyle="standard" difficulty="1" createdVersion="1.0.0.0">
      <prompt>A page break is the location in a document where one page ends and a new page begins.</prompt>
      <choice correct="true" id="1" indexLocked="false">True</choice>
      <choice correct="false" id="2" indexLocked="false">False</choice>
      <feedbackCorrect />
      <feedbackIncorrect />
      <feedback />
      <feedback />
    </question>
    <question id="10" type="choice" randomize="true" distractorsCount="0" feedbackStyle="correct-incorrect" radioButtonStyle="standard" difficulty="1" createdVersion="1.0.0.0">
      <prompt>Changing the font and font size of selected text can be completed using which of the following?</prompt>
      <choice correct="false" id="1" indexLocked="true">The Font dialog box. </choice>
      <choice correct="false" id="2" indexLocked="true">The Mini toolbar. </choice>
      <choice correct="false" id="3" indexLocked="true">The Font group of the Home tab. </choice>
      <choice correct="true" id="4" indexLocked="true">All of the above.</choice>
      <feedbackCorrect />
      <feedbackIncorrect />
      <feedback />
      <feedback />
      <feedback />
      <feedback />
    </question>
    <question id="11" type="choice" randomize="true" distractorsCount="0" feedbackStyle="correct-incorrect" radioButtonStyle="standard" difficulty="1" createdVersion="1.0.0.3">
      <prompt>The Artistic Effects command is available with which of the following tools?</prompt>
      <choice correct="true" id="1" indexLocked="true">Picture Tools</choice>
      <choice correct="false" id="2" indexLocked="true">Drawing Tools</choice>
      <choice correct="false" id="3" indexLocked="true">Recolor</choice>
      <choice correct="false" id="4" indexLocked="true">Corrections</choice>
      <feedbackCorrect />
      <feedbackIncorrect />
      <feedback />
      <feedback />
      <feedback />
      <feedback />
    </question>
  </objective>
</objectives>