﻿<?xml version="1.0" encoding="utf-8"?>
<navigation name="Microsoft Word 2016" buildId="" xml:lang="en-us">
  <settings mediaLocation="Local" skipWelcomePage="false" reviewMode="false" pageFeedbackType="None" evaluationsDisabled="Disabled" mustAnswerAllEvalQuestions="true" contentAreaMinWidth="700" contentAreaMinHeight="466">
    <mediaURL>http://smoothstreamit.gtm.corp.microsoft.com/SMSGR/</mediaURL>
    <courseTranscript />
  </settings>
  <private>
    <level1 name="Final Assessment Template" typeId="51FB7721-9E2D-454C-931E-82A00940688F" pageId="3" contribute="r" time="15" internal="true" partnerReady="false" expanded="false" hidden="false" knowledgecheck="yes" />
    <level1 name="Study Guide Template" typeId="7ACE0D68-1B27-11DF-B58D-E97A56D89593" pageId="4" contribute="n" time="1" internal="true" partnerReady="false" expanded="false" hidden="false" />
    <level1 name="Knowledge Check Template" typeId="7C1005E7-1802-4E03-BBFE-3BE796AFE3E1" pageId="2" contribute="r" time="2" internal="true" partnerReady="false" expanded="false" hidden="false" knowledgecheck="yes" />
    <level1 name="Practice Template" typeId="7ACE0D68-1B27-11DF-B58D-E97A56D89593" pageId="1" contribute="n" time="15" internal="true" partnerReady="false" expanded="false" hidden="false" />
    <level1 name="Nav Video" typeId="3512FF56-8814-4D3B-B207-5675092FB0BF" pageId="999" contribute="r" time="00:02:16" internal="true" partnerReady="false" expanded="false" hidden="false">
      <video fileName="How_to_navigate_video.mp4" videoClickToPlay="false" videoAutoNavigate="false" videoPreventSkipAhead="false" videoStretchToFit="true" videoMustPlayAll="false" />
    </level1>
  </private>
  <level0 name="Module 1: Create a Document" mustCompletePrevModules="false" modulesToComplete="" mustCompleteRequiredPages="false" expanded="true" hidden="false">
    <level1 name="Create a Document" typeId="3512FF56-8814-4D3B-B207-5675092FB0BF" pageId="5" contribute="r" time="1" internal="true" partnerReady="false" expanded="false" hidden="false">
      <video fileName="V1-M1L1-Create-a-Document.mp4" videoClickToPlay="false" videoAutoNavigate="false" videoPreventSkipAhead="false" videoStretchToFit="true" videoMustPlayAll="false" />
    </level1>
    <level1 name="Create a Document" typeId="7C1005E7-1802-4E03-BBFE-3BE796AFE3E1" pageId="6" contribute="r" time="2" internal="true" partnerReady="false" expanded="false" hidden="false" knowledgecheck="yes" objectives="1" />
  </level0>
  <level0 name="Module 2: Customize Options and Views" mustCompletePrevModules="false" modulesToComplete="" mustCompleteRequiredPages="false" expanded="true" hidden="false">
    <level1 name="Customize Options and Views" typeId="3512FF56-8814-4D3B-B207-5675092FB0BF" pageId="7" contribute="r" time="1" internal="true" partnerReady="false" expanded="false" hidden="false">
      <video fileName="V1-M2L1-Customize-Options-and-Views.mp4" videoClickToPlay="false" videoAutoNavigate="false" videoPreventSkipAhead="false" videoStretchToFit="true" videoMustPlayAll="false" />
    </level1>
    <level1 name="Customize Options and Views" typeId="7C1005E7-1802-4E03-BBFE-3BE796AFE3E1" pageId="8" contribute="r" time="2" internal="true" partnerReady="false" expanded="false" hidden="false" knowledgecheck="yes" objectives="2" />
  </level0>
  <level0 name="Module 3: Format a Document" mustCompletePrevModules="false" modulesToComplete="" mustCompleteRequiredPages="false" expanded="true" hidden="false">
    <level1 name="Format a Document" typeId="3512FF56-8814-4D3B-B207-5675092FB0BF" pageId="9" contribute="r" time="1" internal="true" partnerReady="false" expanded="false" hidden="false">
      <video fileName="V1-M3L1-Format-a-Document.mp4" videoClickToPlay="false" videoAutoNavigate="false" videoPreventSkipAhead="false" videoStretchToFit="true" videoMustPlayAll="false" />
    </level1>
    <level1 name="Format a Document" typeId="7C1005E7-1802-4E03-BBFE-3BE796AFE3E1" pageId="10" contribute="r" time="2" internal="true" partnerReady="false" expanded="false" hidden="false" knowledgecheck="yes" objectives="3" />
  </level0>
  <level0 name="Module 4: Insert Text and Paragraphs" mustCompletePrevModules="false" modulesToComplete="" mustCompleteRequiredPages="false" expanded="true" hidden="false">
    <level1 name="Insert Text and Paragraphs" typeId="3512FF56-8814-4D3B-B207-5675092FB0BF" pageId="11" contribute="r" time="1" internal="true" partnerReady="false" expanded="false" hidden="false">
      <video fileName="V1-M4L1-Insert-Text-and-Paragraphs.mp4" videoClickToPlay="false" videoAutoNavigate="false" videoPreventSkipAhead="false" videoStretchToFit="true" videoMustPlayAll="false" />
    </level1>
    <level1 name="Insert text and paragraphs" typeId="7C1005E7-1802-4E03-BBFE-3BE796AFE3E1" pageId="12" contribute="r" time="2" internal="true" partnerReady="false" expanded="false" hidden="false" knowledgecheck="yes" objectives="4" />
  </level0>
  <level0 name="Module 5: Format Text and Paragraphs" mustCompletePrevModules="false" modulesToComplete="" mustCompleteRequiredPages="false" expanded="true" hidden="false">
    <level1 name="Format Text and Paragraphs" typeId="3512FF56-8814-4D3B-B207-5675092FB0BF" pageId="13" contribute="r" time="1" internal="true" partnerReady="false" expanded="false" hidden="false">
      <video fileName="V1-M5L1-Format-Text-and-Paragraphs.mp4" videoClickToPlay="false" videoAutoNavigate="false" videoPreventSkipAhead="false" videoStretchToFit="true" videoMustPlayAll="false" />
    </level1>
    <level1 name="Format text and paragraphs" typeId="7C1005E7-1802-4E03-BBFE-3BE796AFE3E1" pageId="14" contribute="r" time="2" internal="true" partnerReady="false" expanded="false" hidden="false" knowledgecheck="yes" objectives="5" />
  </level0>
  <level0 name="Module 6: Order and Group Text and Paragraphs" mustCompletePrevModules="false" modulesToComplete="" mustCompleteRequiredPages="false" expanded="true" hidden="false">
    <level1 name="Order and Group Text and Paragraphs" typeId="3512FF56-8814-4D3B-B207-5675092FB0BF" pageId="15" contribute="r" time="1" internal="true" partnerReady="false" expanded="false" hidden="false">
      <video fileName="V1-M6L1-Order-and-Group-Text-and-Paragraphs.mp4" videoClickToPlay="false" videoAutoNavigate="false" videoPreventSkipAhead="false" videoStretchToFit="true" videoMustPlayAll="false" />
    </level1>
    <level1 name="Ordering and group text and paragraphs" typeId="7C1005E7-1802-4E03-BBFE-3BE796AFE3E1" pageId="16" contribute="r" time="2" internal="true" partnerReady="false" expanded="false" hidden="false" knowledgecheck="yes" objectives="6" />
  </level0>
  <level0 name="Module 7: Insert Graphic Elements" mustCompletePrevModules="false" modulesToComplete="" mustCompleteRequiredPages="false" expanded="true" hidden="false">
    <level1 name="Insert Graphic Elements" typeId="3512FF56-8814-4D3B-B207-5675092FB0BF" pageId="17" contribute="r" time="1" internal="true" partnerReady="false" expanded="false" hidden="false">
      <video fileName="V1-M7L1-Insert-Graphic-Elements.mp4" videoClickToPlay="false" videoAutoNavigate="false" videoPreventSkipAhead="false" videoStretchToFit="true" videoMustPlayAll="false" />
    </level1>
    <level1 name="Insert graphic elements" typeId="7C1005E7-1802-4E03-BBFE-3BE796AFE3E1" pageId="18" contribute="r" time="2" internal="true" partnerReady="false" expanded="false" hidden="false" knowledgecheck="yes" objectives="7" />
  </level0>
  <level0 name="Module 8: Format Graphic Elements" mustCompletePrevModules="false" modulesToComplete="" mustCompleteRequiredPages="false" expanded="true" hidden="false">
    <level1 name="Format Graphic Elements" typeId="3512FF56-8814-4D3B-B207-5675092FB0BF" pageId="19" contribute="r" time="1" internal="true" partnerReady="false" expanded="false" hidden="false">
      <video fileName="V1-M8L1-Format-Graphic-Elements.mp4" videoClickToPlay="false" videoAutoNavigate="false" videoPreventSkipAhead="false" videoStretchToFit="true" videoMustPlayAll="false" />
    </level1>
    <level1 name="Format graphic elements" typeId="7C1005E7-1802-4E03-BBFE-3BE796AFE3E1" pageId="20" contribute="r" time="2" internal="true" partnerReady="false" expanded="false" hidden="false" knowledgecheck="yes" objectives="8" />
  </level0>
  <level0 name="Module 9: Insert and Format SmartArt Graphics" mustCompletePrevModules="false" modulesToComplete="" mustCompleteRequiredPages="false" expanded="true" hidden="false">
    <level1 name="Insert and Format SmartArt Graphics" typeId="3512FF56-8814-4D3B-B207-5675092FB0BF" pageId="21" contribute="r" time="1" internal="true" partnerReady="false" expanded="false" hidden="false">
      <video fileName="V1-M9L1-Insert-and-Format-SmartArt-Graphics.mp4" videoClickToPlay="false" videoAutoNavigate="false" videoPreventSkipAhead="false" videoStretchToFit="true" videoMustPlayAll="false" />
    </level1>
    <level1 name="Inserting and format SmartArt graphics" typeId="7C1005E7-1802-4E03-BBFE-3BE796AFE3E1" pageId="22" contribute="r" time="2" internal="true" partnerReady="false" expanded="false" hidden="false" knowledgecheck="yes" objectives="9" />
  </level0>
  <level0 name="Module 10: Create and Modify a List" mustCompletePrevModules="false" modulesToComplete="" mustCompleteRequiredPages="false" expanded="true" hidden="false">
    <level1 name="Create and Modify a List" typeId="3512FF56-8814-4D3B-B207-5675092FB0BF" pageId="23" contribute="r" time="1" internal="true" partnerReady="false" expanded="false" hidden="false">
      <video fileName="V1-M10L1-Create-and-Modify-a-List.mp4" videoClickToPlay="false" videoAutoNavigate="false" videoPreventSkipAhead="false" videoStretchToFit="true" videoMustPlayAll="false" />
    </level1>
    <level1 name="Creating and Modify a List" typeId="7C1005E7-1802-4E03-BBFE-3BE796AFE3E1" pageId="24" contribute="r" time="2" internal="true" partnerReady="false" expanded="false" hidden="false" knowledgecheck="yes" objectives="10" />
  </level0>
  <level0 name="Module 11: Create a Table" mustCompletePrevModules="false" modulesToComplete="" mustCompleteRequiredPages="false" expanded="true" hidden="false">
    <level1 name="Create a Table" typeId="3512FF56-8814-4D3B-B207-5675092FB0BF" pageId="25" contribute="r" time="1" internal="true" partnerReady="false" expanded="false" hidden="false">
      <video fileName="V1-M11L1-Create-a-Table.mp4" videoClickToPlay="false" videoAutoNavigate="false" videoPreventSkipAhead="false" videoStretchToFit="true" videoMustPlayAll="false" />
    </level1>
    <level1 name="Create a table" typeId="7C1005E7-1802-4E03-BBFE-3BE796AFE3E1" pageId="26" contribute="r" time="2" internal="true" partnerReady="false" expanded="false" hidden="false" knowledgecheck="yes" objectives="11" />
  </level0>
  <level0 name="Module 12: Modify a Table" mustCompletePrevModules="false" modulesToComplete="" mustCompleteRequiredPages="false" expanded="true" hidden="false">
    <level1 name="Modify a Table" typeId="3512FF56-8814-4D3B-B207-5675092FB0BF" pageId="27" contribute="r" time="1" internal="true" partnerReady="false" expanded="false" hidden="false">
      <video fileName="V1-M12L1-Modify-a-Table.mp4" videoClickToPlay="false" videoAutoNavigate="false" videoPreventSkipAhead="false" videoStretchToFit="true" videoMustPlayAll="false" />
    </level1>
    <level1 name="Modify a table" typeId="7C1005E7-1802-4E03-BBFE-3BE796AFE3E1" pageId="28" contribute="r" time="2" internal="true" partnerReady="false" expanded="false" hidden="false" knowledgecheck="yes" objectives="12" />
  </level0>
  <level0 name="Module 13: Create and Manage Reference Markers" mustCompletePrevModules="false" modulesToComplete="" mustCompleteRequiredPages="false" expanded="true" hidden="false">
    <level1 name="Create and Manage Reference Markers" typeId="3512FF56-8814-4D3B-B207-5675092FB0BF" pageId="29" contribute="r" time="1" internal="true" partnerReady="false" expanded="false" hidden="false">
      <video fileName="V1-M13L1-Create-and-Manage-Reference-Markers.mp4" videoClickToPlay="false" videoAutoNavigate="false" videoPreventSkipAhead="false" videoStretchToFit="true" videoMustPlayAll="false" />
    </level1>
    <level1 name="Create and Manage Reference Markers" typeId="7C1005E7-1802-4E03-BBFE-3BE796AFE3E1" pageId="30" contribute="r" time="2" internal="true" partnerReady="false" expanded="false" hidden="false" knowledgecheck="yes" objectives="13" />
  </level0>
  <level0 name="Module 14: Create and Manage Simple References" mustCompletePrevModules="false" modulesToComplete="" mustCompleteRequiredPages="false" expanded="true" hidden="false">
    <level1 name="Create and Manage Simple References" typeId="3512FF56-8814-4D3B-B207-5675092FB0BF" pageId="31" contribute="r" time="1" internal="true" partnerReady="false" expanded="false" hidden="false">
      <video fileName="V1-M14L1-Create-and-Manage-Simple-References.mp4" videoClickToPlay="false" videoAutoNavigate="false" videoPreventSkipAhead="false" videoStretchToFit="true" videoMustPlayAll="false" />
    </level1>
    <level1 name="Creating and Manage Simple References" typeId="7C1005E7-1802-4E03-BBFE-3BE796AFE3E1" pageId="32" contribute="r" time="2" internal="true" partnerReady="false" expanded="false" hidden="false" knowledgecheck="yes" objectives="14" />
  </level0>
  <level0 name="Module 15: Navigate a Document" mustCompletePrevModules="false" modulesToComplete="" mustCompleteRequiredPages="false" expanded="true" hidden="false">
    <level1 name="Navigate a Document" typeId="3512FF56-8814-4D3B-B207-5675092FB0BF" pageId="33" contribute="r" time="1" internal="true" partnerReady="false" expanded="false" hidden="false">
      <video fileName="V1-M15L1-Navigate-a-Document.mp4" videoClickToPlay="false" videoAutoNavigate="false" videoPreventSkipAhead="false" videoStretchToFit="true" videoMustPlayAll="false" />
    </level1>
    <level1 name="Navigate a document" typeId="7C1005E7-1802-4E03-BBFE-3BE796AFE3E1" pageId="34" contribute="r" time="2" internal="true" partnerReady="false" expanded="false" hidden="false" knowledgecheck="yes" objectives="15" />
  </level0>
  <level0 name="Module 16: Print and Save Documents" mustCompletePrevModules="false" modulesToComplete="" mustCompleteRequiredPages="false" expanded="true" hidden="false">
    <level1 name="Print and Save Documents" typeId="3512FF56-8814-4D3B-B207-5675092FB0BF" pageId="35" contribute="r" time="1" internal="true" partnerReady="false" expanded="false" hidden="false">
      <video fileName="V1-M16L1-Print-and-Save-Documents.mp4" videoClickToPlay="false" videoAutoNavigate="false" videoPreventSkipAhead="false" videoStretchToFit="true" videoMustPlayAll="false" />
    </level1>
    <level1 name="Print and save documents" typeId="7C1005E7-1802-4E03-BBFE-3BE796AFE3E1" pageId="36" contribute="r" time="2" internal="true" partnerReady="false" expanded="false" hidden="false" knowledgecheck="yes" objectives="16" />
  </level0>
  <level0 name="Resources" mustCompletePrevModules="false" modulesToComplete="" mustCompleteRequiredPages="false" expanded="true" hidden="false">
    <level1 name="Character job application" typeId="" pageId="37" />
    <level1 name="Create a newsletter for an historical performance" typeId="" pageId="38" />
    <level1 name="Donation flyer" typeId="" pageId="39" />
    <level1 name="Antarctica Information" typeId="" pageId="40" />
    <level1 name="Newsletter Template for Word Tutorial" typeId="" pageId="41" />
  </level0>
  <level0 name="Final assessment for Microsoft Word 2016" mustCompletePrevModules="false" modulesToComplete="" mustCompleteRequiredPages="false" expanded="true" hidden="false">
    <level1 name="Final assessment for Microsoft Word 2016" typeId="51FB7721-9E2D-454C-931E-82A00940688F" pageId="43" contribute="r" time="15" internal="true" partnerReady="false" expanded="false" hidden="false" knowledgecheck="yes" objectives="17" />
  </level0>
</navigation>