﻿<?xml version="1.0" encoding="utf-8"?>
<tt xmlns:ttm="http://www.w3.org/ns/ttml#metadata" xmlns:ttp="http://www.w3.org/ns/ttml#parameter" xmlns:tts="http://www.w3.org/ns/ttml#styling" xml:lang="eng" xmlns="http://www.w3.org/ns/ttml">
  <head>
    <metadata>
      <ttm:title>Media.wvx.aib</ttm:title>
      <ttm:copyright>Copyright (c) 2015 Microsoft Corporation.  All rights reserved.</ttm:copyright>
    </metadata>
    <styling>
      <style xml:id="s1" tts:fontFamily="Segoe UI" tts:fontSize="13px" tts:textAlign="center" tts:color="white" />
    </styling>
    <layout>
      <region xml:id="subtitleArea" style="s1" tts:origin="0% 0%" tts:extent="100% 60px" tts:padding="3px 3px" tts:backgroundColor="black" tts:opacity="0.7" tts:displayAlign="center" tts:showBackground="whenActive" />
    </layout>
  </head>
  <body>
    <div region="subtitleArea">
      <p xml:id="subtitle1" ttm:role="caption" begin="00:00:00.260" end="00:00:03.945">Welcome to Module 14 for Word 2016.</p>
      <p xml:id="subtitle2" ttm:role="caption" begin="00:00:03.946" end="00:00:06.746">In this module,<br />you will learn how to create simple</p>
      <p xml:id="subtitle3" ttm:role="caption" begin="00:00:06.747" end="00:00:10.020">reference items such as a Cover<br />page and Table of contents.</p>
      <p xml:id="subtitle4" ttm:role="caption" begin="00:00:11.212" end="00:00:13.790">These give the reader helpful<br />information about your document.</p>
      <p xml:id="subtitle5" ttm:role="caption" begin="00:00:14.860" end="00:00:18.630">To add a cover page, find the pages<br />group on the insert tab and</p>
      <p xml:id="subtitle6" ttm:role="caption" begin="00:00:18.631" end="00:00:19.650">choose cover page.</p>
      <p xml:id="subtitle7" ttm:role="caption" begin="00:00:21.680" end="00:00:25.540">A gallery of option appears based<br />on the theme of your document.</p>
      <p xml:id="subtitle8" ttm:role="caption" begin="00:00:25.541" end="00:00:26.530">Click on the second one.</p>
      <p xml:id="subtitle9" ttm:role="caption" begin="00:00:28.820" end="00:00:30.380">Now let's add a table of contents.</p>
      <p xml:id="subtitle10" ttm:role="caption" begin="00:00:31.470" end="00:00:34.610">The first step is to make sure that<br />you have applied the heading cell</p>
      <p xml:id="subtitle11" ttm:role="caption" begin="00:00:34.611" end="00:00:36.880">to text in your document.</p>
      <p xml:id="subtitle12" ttm:role="caption" begin="00:00:36.881" end="00:00:38.626">Since we're working in<br />the newsletter template,</p>
      <p xml:id="subtitle13" ttm:role="caption" begin="00:00:38.627" end="00:00:40.440">headings have already been added for<br />us.</p>
      <p xml:id="subtitle14" ttm:role="caption" begin="00:00:42.290" end="00:00:44.700">Next, add a page directly<br />after the cover page.</p>
      <p xml:id="subtitle15" ttm:role="caption" begin="00:00:46.170" end="00:00:49.210">On the references tab,<br />click table of contents and</p>
      <p xml:id="subtitle16" ttm:role="caption" begin="00:00:49.211" end="00:00:51.360">choose one of the built<br />in automatic tables.</p>
      <p xml:id="subtitle17" ttm:role="caption" begin="00:00:53.640" end="00:00:56.030">Word places a table of<br />contents on the page,</p>
      <p xml:id="subtitle18" ttm:role="caption" begin="00:00:56.031" end="00:00:57.390">complete with page numbers.</p>
      <p xml:id="subtitle19" ttm:role="caption" begin="00:00:59.430" end="00:01:01.720">As you add or<br />remove headers to the document,</p>
      <p xml:id="subtitle20" ttm:role="caption" begin="00:01:01.721" end="00:01:04.480">it's easy to update<br />the table accordingly.</p>
      <p xml:id="subtitle21" ttm:role="caption" begin="00:01:04.481" end="00:01:08.357">Just click Update Table,<br />choose update page numbers or</p>
      <p xml:id="subtitle22" ttm:role="caption" begin="00:01:08.358" end="00:01:10.508">the entire table and click OK.</p>
    </div>
  </body>
</tt>