﻿<?xml version="1.0" encoding="utf-8"?>
<navigation name="Getting Started with OneNote 2016" buildId="" xml:lang="en-US">
  <settings mediaLocation="Local" skipWelcomePage="false" reviewMode="false" pageFeedbackType="None" evaluationsDisabled="Disabled" mustAnswerAllEvalQuestions="true" contentAreaMinWidth="700" contentAreaMinHeight="466">
    <mediaURL>http://smoothstreamit.gtm.corp.microsoft.com/SMSGR/</mediaURL>
    <courseTranscript />
  </settings>
  <private>
    <level1 name="Final Assessment Template" typeId="51FB7721-9E2D-454C-931E-82A00940688F" pageId="3" contribute="r" time="15" internal="true" partnerReady="false" expanded="false" hidden="false" knowledgecheck="yes" />
    <level1 name="Study Guide Template" typeId="7ACE0D68-1B27-11DF-B58D-E97A56D89593" pageId="4" contribute="n" time="1" internal="true" partnerReady="false" expanded="false" hidden="false" />
    <level1 name="Knowledge Check Template" typeId="7C1005E7-1802-4E03-BBFE-3BE796AFE3E1" pageId="2" contribute="r" time="2" internal="true" partnerReady="false" expanded="false" hidden="false" knowledgecheck="yes" />
    <level1 name="Practice Template" typeId="7ACE0D68-1B27-11DF-B58D-E97A56D89593" pageId="1" contribute="n" time="15" internal="true" partnerReady="false" expanded="false" hidden="false" />
    <level1 name="Nav Video" typeId="3512FF56-8814-4D3B-B207-5675092FB0BF" pageId="999" contribute="n" time="00:02:16" internal="true" partnerReady="false" expanded="false" hidden="false">
      <video fileName="How_to_navigate_video.mp4" videoClickToPlay="false" videoAutoNavigate="false" videoPreventSkipAhead="false" videoStretchToFit="true" videoMustPlayAll="false" />
    </level1>
  </private>
  <level0 name="Getting Started" mustCompletePrevModules="false" modulesToComplete="" mustCompleteRequiredPages="false" expanded="true" hidden="false">
    <level1 name="What is OneNote?" typeId="62572329-27FC-4CF6-B160-A4404FDB78C0" pageId="5" contribute="r" time="15" internal="true" partnerReady="false" expanded="false" hidden="false" />
    <level1 name="Use OneNote in the cloud" typeId="62572329-27FC-4CF6-B160-A4404FDB78C0" pageId="6" contribute="r" time="15" internal="true" partnerReady="false" expanded="false" hidden="false" />
    <level1 name="Get started with OneNote and notebooks" typeId="62572329-27FC-4CF6-B160-A4404FDB78C0" pageId="7" contribute="r" time="15" internal="true" partnerReady="false" expanded="false" hidden="false" />
    <level1 name="Add sections and pages" typeId="62572329-27FC-4CF6-B160-A4404FDB78C0" pageId="8" contribute="r" time="15" internal="true" partnerReady="false" expanded="false" hidden="false" />
    <level1 name="Maximize your pages" typeId="62572329-27FC-4CF6-B160-A4404FDB78C0" pageId="9" contribute="r" time="15" internal="true" partnerReady="false" expanded="false" hidden="false" />
    <level1 name="Take notes" typeId="62572329-27FC-4CF6-B160-A4404FDB78C0" pageId="10" contribute="r" time="15" internal="true" partnerReady="false" expanded="false" hidden="false" />
  </level0>
</navigation>