﻿<?xml version="1.0" encoding="utf-8"?>
<tt xmlns:ttm="http://www.w3.org/ns/ttml#metadata" xmlns:ttp="http://www.w3.org/ns/ttml#parameter" xmlns:tts="http://www.w3.org/ns/ttml#styling" xml:lang="eng" xmlns="http://www.w3.org/ns/ttml">
  <head>
    <metadata>
      <ttm:title>Media.wvx.aib</ttm:title>
      <ttm:copyright>Copyright (c) 2015 Microsoft Corporation.  All rights reserved.</ttm:copyright>
    </metadata>
    <styling>
      <style xml:id="s1" tts:fontFamily="Segoe UI" tts:fontSize="13px" tts:textAlign="center" tts:color="white" />
    </styling>
    <layout>
      <region xml:id="subtitleArea" style="s1" tts:origin="0% 0%" tts:extent="100% 60px" tts:padding="3px 3px" tts:backgroundColor="black" tts:opacity="0.7" tts:displayAlign="center" tts:showBackground="whenActive" />
    </layout>
  </head>
  <body>
    <div region="subtitleArea">
      <p xml:id="subtitle1" ttm:role="caption" begin="00:00:00.990" end="00:00:04.081">Welcome to Module 7 for Word 2016.</p>
      <p xml:id="subtitle2" ttm:role="caption" begin="00:00:04.082" end="00:00:08.828">In this module you will learn how<br />to insert graphic elements such as</p>
      <p xml:id="subtitle3" ttm:role="caption" begin="00:00:08.829" end="00:00:11.555">pictures, shapes, and text boxes.</p>
      <p xml:id="subtitle4" ttm:role="caption" begin="00:00:11.556" end="00:00:15.663">Graphic elements are a great way to<br />help readers relate to the text in</p>
      <p xml:id="subtitle5" ttm:role="caption" begin="00:00:15.664" end="00:00:16.679">your document.</p>
      <p xml:id="subtitle6" ttm:role="caption" begin="00:00:16.680" end="00:00:21.798">Let`s customize this newsletter by<br />inserting pictures of Antarctica.</p>
      <p xml:id="subtitle7" ttm:role="caption" begin="00:00:21.799" end="00:00:25.214">Pictures can be added by selecting<br />one that is already saved on your</p>
      <p xml:id="subtitle8" ttm:role="caption" begin="00:00:25.215" end="00:00:29.310">computer, OneDrive, or<br />from a variety of online sources.</p>
      <p xml:id="subtitle9" ttm:role="caption" begin="00:00:29.311" end="00:00:32.030">You can also insert a screen<br />clip using the screenshot icon.</p>
      <p xml:id="subtitle10" ttm:role="caption" begin="00:00:33.280" end="00:00:35.490">Let's add a picture<br />from the Internet.</p>
      <p xml:id="subtitle11" ttm:role="caption" begin="00:00:35.491" end="00:00:37.690">Select the picture of the mountain.</p>
      <p xml:id="subtitle12" ttm:role="caption" begin="00:00:37.691" end="00:00:40.340">In the Illustrations group,<br />click Online Pictures.</p>
      <p xml:id="subtitle13" ttm:role="caption" begin="00:00:42.490" end="00:00:45.990">Type iceberg in this Bing<br />search box, and click Enter.</p>
      <p xml:id="subtitle14" ttm:role="caption" begin="00:00:47.980" end="00:00:51.780">Bing returns a list of images that<br />all use the Creative Commons license</p>
      <p xml:id="subtitle15" ttm:role="caption" begin="00:00:51.781" end="00:00:55.020">which means you are able to reuse<br />them without breaking copyright.</p>
      <p xml:id="subtitle16" ttm:role="caption" begin="00:00:57.160" end="00:00:59.540">Filter the list if needed by size,<br />type, and</p>
      <p xml:id="subtitle17" ttm:role="caption" begin="00:00:59.541" end="00:01:01.140">color to find the perfect picture.</p>
      <p xml:id="subtitle18" ttm:role="caption" begin="00:01:02.160" end="00:01:04.170">Select your favorite image and<br />click Insert.</p>
      <p xml:id="subtitle19" ttm:role="caption" begin="00:01:06.630" end="00:01:09.486">Now, replace each picture on<br />the first page with pictures of</p>
      <p xml:id="subtitle20" ttm:role="caption" begin="00:01:09.487" end="00:01:10.158">Antarctica.</p>
      <p xml:id="subtitle21" ttm:role="caption" begin="00:01:16.223" end="00:01:19.910">Many pictures are inserted too small<br />or too large for the template.</p>
      <p xml:id="subtitle22" ttm:role="caption" begin="00:01:19.911" end="00:01:22.160">Click on the corner, and resize.</p>
      <p xml:id="subtitle23" ttm:role="caption" begin="00:01:23.470" end="00:01:26.940">Let's insert a star underneath<br />the last picture of a penguin.</p>
      <p xml:id="subtitle24" ttm:role="caption" begin="00:01:28.320" end="00:01:31.570">Return to the Insert tab and<br />try inserting a shape.</p>
      <p xml:id="subtitle25" ttm:role="caption" begin="00:01:33.660" end="00:01:35.850">Click the Shapes icon to<br />see a list of lines and</p>
      <p xml:id="subtitle26" ttm:role="caption" begin="00:01:35.851" end="00:01:38.000">shapes from which to choose.</p>
      <p xml:id="subtitle27" ttm:role="caption" begin="00:01:38.001" end="00:01:40.680">You can even draw your own<br />using the New Drawing Canvas</p>
      <p xml:id="subtitle28" ttm:role="caption" begin="00:01:40.681" end="00:01:43.040">option at the bottom of the list.</p>
      <p xml:id="subtitle29" ttm:role="caption" begin="00:01:43.041" end="00:01:44.600">Click the star in the Shapes menu.</p>
      <p xml:id="subtitle30" ttm:role="caption" begin="00:01:46.030" end="00:01:48.210">Notice how the cursor has<br />changed to a crosshair.</p>
      <p xml:id="subtitle31" ttm:role="caption" begin="00:01:49.830" end="00:01:51.191">You can now draw the star.</p>
      <p xml:id="subtitle32" ttm:role="caption" begin="00:01:54.338" end="00:01:56.723">Type penguins inside the star.</p>
      <p xml:id="subtitle33" ttm:role="caption" begin="00:02:01.714" end="00:02:04.830">Click on the corners to resize<br />the star to make it bigger.</p>
      <p xml:id="subtitle34" ttm:role="caption" begin="00:02:07.960" end="00:02:11.040">Just like with images,<br />a Format menu appears on the ribbon.</p>
      <p xml:id="subtitle35" ttm:role="caption" begin="00:02:11.041" end="00:02:14.370">If you want to adjust the fill,<br />and the star can be resized or</p>
      <p xml:id="subtitle36" ttm:role="caption" begin="00:02:14.371" end="00:02:16.980">rotated using circles<br />that appear around it.</p>
      <p xml:id="subtitle37" ttm:role="caption" begin="00:02:18.320" end="00:02:22.070">The last graphic element to place<br />in your document is a text box.</p>
      <p xml:id="subtitle38" ttm:role="caption" begin="00:02:22.071" end="00:02:26.820">Click again on the Insert tab, find<br />the Text group, and click Text Box.</p>
      <p xml:id="subtitle39" ttm:role="caption" begin="00:02:28.320" end="00:02:31.532">A list of built in box styles<br />appear that fit the theme of your</p>
      <p xml:id="subtitle40" ttm:role="caption" begin="00:02:31.533" end="00:02:32.309">newsletter.</p>
      <p xml:id="subtitle41" ttm:role="caption" begin="00:02:32.310" end="00:02:35.394">Well, let's use<br />the Draw Text Box option.</p>
      <p xml:id="subtitle42" ttm:role="caption" begin="00:02:35.395" end="00:02:38.523">Once again your cursor is<br />changed to a crosshair,</p>
      <p xml:id="subtitle43" ttm:role="caption" begin="00:02:38.524" end="00:02:41.660">meaning you can draw it<br />anywhere on the document.</p>
      <p xml:id="subtitle44" ttm:role="caption" begin="00:02:42.940" end="00:02:45.720">Place your cursor on the document<br />and draw your text box.</p>
      <p xml:id="subtitle45" ttm:role="caption" begin="00:02:47.470" end="00:02:49.559">Now type a nice day in Antarctica.</p>
      <p xml:id="subtitle46" ttm:role="caption" begin="00:02:52.752" end="00:02:56.780">Change the size of the font to 11,<br />and rotate the text box to be in</p>
      <p xml:id="subtitle47" ttm:role="caption" begin="00:02:56.781" end="00:03:00.166">line with the picture, and<br />move it under the penguin.</p>
    </div>
  </body>
</tt>