﻿<?xml version="1.0" encoding="utf-8"?>
<tt xmlns:ttm="http://www.w3.org/ns/ttml#metadata" xmlns:ttp="http://www.w3.org/ns/ttml#parameter" xmlns:tts="http://www.w3.org/ns/ttml#styling" xml:lang="eng" xmlns="http://www.w3.org/ns/ttml">
  <head>
    <metadata>
      <ttm:title>Media.wvx.aib</ttm:title>
      <ttm:copyright>Copyright (c) 2015 Microsoft Corporation.  All rights reserved.</ttm:copyright>
    </metadata>
    <styling>
      <style xml:id="s1" tts:fontFamily="Segoe UI" tts:fontSize="13px" tts:textAlign="center" tts:color="white" />
    </styling>
    <layout>
      <region xml:id="subtitleArea" style="s1" tts:origin="0% 0%" tts:extent="100% 60px" tts:padding="3px 3px" tts:backgroundColor="black" tts:opacity="0.7" tts:displayAlign="center" tts:showBackground="whenActive" />
    </layout>
  </head>
  <body>
    <div region="subtitleArea">
      <p xml:id="subtitle1" ttm:role="caption" begin="00:00:00.001" end="00:00:03.118">Welcome to the Microsoft Office<br />Specialist Academy course for</p>
      <p xml:id="subtitle2" ttm:role="caption" begin="00:00:03.119" end="00:00:03.949">Word 2016.</p>
      <p xml:id="subtitle3" ttm:role="caption" begin="00:00:03.950" end="00:00:07.740">This course is divided<br />into five main sections.</p>
      <p xml:id="subtitle4" ttm:role="caption" begin="00:00:07.741" end="00:00:11.190">Create and manage documents,<br />format text, paragraphs and</p>
      <p xml:id="subtitle5" ttm:role="caption" begin="00:00:11.191" end="00:00:13.963">sections, create tables and<br />lists, create and</p>
      <p xml:id="subtitle6" ttm:role="caption" begin="00:00:13.964" end="00:00:17.970">manage references, insert and<br />format graphic elements.</p>
      <p xml:id="subtitle7" ttm:role="caption" begin="00:00:17.971" end="00:00:20.945">Each section contains specific<br />tutorials that are intended to be</p>
      <p xml:id="subtitle8" ttm:role="caption" begin="00:00:20.946" end="00:00:23.990">followed sequentially,<br />from documents creation to printing.</p>
      <p xml:id="subtitle9" ttm:role="caption" begin="00:00:23.991" end="00:00:27.050">For this course, participants will<br />imagine they are writing a report</p>
      <p xml:id="subtitle10" ttm:role="caption" begin="00:00:27.051" end="00:00:30.610">on the effects of temperature change<br />on the continent of Antarctica.</p>
      <p xml:id="subtitle11" ttm:role="caption" begin="00:00:30.611" end="00:00:33.940">In this module, we'll explore<br />four ways to create a document.</p>
      <p xml:id="subtitle12" ttm:role="caption" begin="00:00:33.941" end="00:00:36.160">Including how to create<br />a blank document,</p>
      <p xml:id="subtitle13" ttm:role="caption" begin="00:00:36.161" end="00:00:39.810">create a document using a template,<br />open a PDF for editing, and</p>
      <p xml:id="subtitle14" ttm:role="caption" begin="00:00:39.811" end="00:00:42.342">insert text from a file or<br />external source.</p>
      <p xml:id="subtitle15" ttm:role="caption" begin="00:00:42.343" end="00:00:47.240">When Word first opens, you'll notice<br />a blue sidebar with your most recent</p>
      <p xml:id="subtitle16" ttm:role="caption" begin="00:00:47.241" end="00:00:51.270">documents, and a grid of<br />sample templates on the right.</p>
      <p xml:id="subtitle17" ttm:role="caption" begin="00:00:53.040" end="00:00:55.500">The first one in the list<br />is labeled Blank document.</p>
      <p xml:id="subtitle18" ttm:role="caption" begin="00:00:57.120" end="00:00:59.570">Use that when you want<br />to start writing.</p>
      <p xml:id="subtitle19" ttm:role="caption" begin="00:00:59.571" end="00:01:02.770">You also have the option of<br />applying a template format.</p>
      <p xml:id="subtitle20" ttm:role="caption" begin="00:01:02.771" end="00:01:05.850">A template uses a predetermined<br />set of font styles,</p>
      <p xml:id="subtitle21" ttm:role="caption" begin="00:01:05.851" end="00:01:07.710">formatting, and layouts.</p>
      <p xml:id="subtitle22" ttm:role="caption" begin="00:01:07.711" end="00:01:09.620">Choose from those listed,<br />or search for</p>
      <p xml:id="subtitle23" ttm:role="caption" begin="00:01:09.621" end="00:01:12.580">additional templates using the<br />search box at the top of the screen.</p>
      <p xml:id="subtitle24" ttm:role="caption" begin="00:01:13.650" end="00:01:16.710">There are a couple of other<br />options for creating a document.</p>
      <p xml:id="subtitle25" ttm:role="caption" begin="00:01:16.711" end="00:01:20.200">Word gives you the ability<br />to open a PDF for editing.</p>
      <p xml:id="subtitle26" ttm:role="caption" begin="00:01:20.201" end="00:01:22.660">To do this, simply scroll down</p>
      <p xml:id="subtitle27" ttm:role="caption" begin="00:01:22.661" end="00:01:26.525">the Open Other Documents section at<br />the bottom of the blue sidebar, and</p>
      <p xml:id="subtitle28" ttm:role="caption" begin="00:01:26.526" end="00:01:28.920">navigate to the location of<br />the PDF you want to edit.</p>
      <p xml:id="subtitle29" ttm:role="caption" begin="00:01:30.050" end="00:01:32.993">Note that this functionality<br />varies depending on the quality</p>
      <p xml:id="subtitle30" ttm:role="caption" begin="00:01:32.994" end="00:01:34.075">of your original PDF.</p>
      <p xml:id="subtitle31" ttm:role="caption" begin="00:01:34.076" end="00:01:37.390">You can also insert<br />text from a file.</p>
      <p xml:id="subtitle32" ttm:role="caption" begin="00:01:37.391" end="00:01:42.630">To do this, open a Blank document,<br />click the Insert tab above</p>
      <p xml:id="subtitle33" ttm:role="caption" begin="00:01:42.631" end="00:01:47.720">the ribbon, then choose the Insert<br />Object icon from the Text group.</p>
      <p xml:id="subtitle34" ttm:role="caption" begin="00:01:47.721" end="00:01:51.710">You have two options,<br />Object or Text from a File.</p>
      <p xml:id="subtitle35" ttm:role="caption" begin="00:01:51.711" end="00:01:53.780">Word is organized into<br />three main parts.</p>
      <p xml:id="subtitle36" ttm:role="caption" begin="00:01:53.781" end="00:01:55.310">The ribbon, tabs and groups.</p>
      <p xml:id="subtitle37" ttm:role="caption" begin="00:01:56.530" end="00:01:58.160">Tabs appear above the ribbon, and</p>
      <p xml:id="subtitle38" ttm:role="caption" begin="00:01:58.161" end="00:02:01.960">when selected, the commands on<br />the ribbon change accordingly.</p>
      <p xml:id="subtitle39" ttm:role="caption" begin="00:02:01.961" end="00:02:05.550">On the ribbon itself,<br />commands are organized into groups.</p>
      <p xml:id="subtitle40" ttm:role="caption" begin="00:02:05.551" end="00:02:08.740">Since our assignment is to explore<br />the effects of temperature change in</p>
      <p xml:id="subtitle41" ttm:role="caption" begin="00:02:08.741" end="00:02:12.500">Antarctica, let's start by<br />opening the newsletter template.</p>
      <p xml:id="subtitle42" ttm:role="caption" begin="00:02:12.501" end="00:02:13.949">Just click File &gt; New and</p>
      <p xml:id="subtitle43" ttm:role="caption" begin="00:02:13.950" end="00:02:16.997">then choose the Newsletter<br />template from the list.</p>
    </div>
  </body>
</tt>