﻿<?xml version="1.0" encoding="utf-8"?>
<tt xmlns:ttm="http://www.w3.org/ns/ttml#metadata" xmlns:ttp="http://www.w3.org/ns/ttml#parameter" xmlns:tts="http://www.w3.org/ns/ttml#styling" xml:lang="eng" xmlns="http://www.w3.org/ns/ttml">
  <head>
    <metadata>
      <ttm:title>Media.wvx.aib</ttm:title>
      <ttm:copyright>Copyright (c) 2015 Microsoft Corporation.  All rights reserved.</ttm:copyright>
    </metadata>
    <styling>
      <style xml:id="s1" tts:fontFamily="Segoe UI" tts:fontSize="13px" tts:textAlign="center" tts:color="white" />
    </styling>
    <layout>
      <region xml:id="subtitleArea" style="s1" tts:origin="0% 0%" tts:extent="100% 60px" tts:padding="3px 3px" tts:backgroundColor="black" tts:opacity="0.7" tts:displayAlign="center" tts:showBackground="whenActive" />
    </layout>
  </head>
  <body>
    <div region="subtitleArea">
      <p xml:id="subtitle1" ttm:role="caption" begin="00:00:00.424" end="00:00:04.300">Welcome to module eight for<br />Word 2016.</p>
      <p xml:id="subtitle2" ttm:role="caption" begin="00:00:04.301" end="00:00:07.303">In this module,<br />you will learn how to format graphic</p>
      <p xml:id="subtitle3" ttm:role="caption" begin="00:00:07.304" end="00:00:11.398">elements by applying artistic<br />effects, picture effects and styles,</p>
      <p xml:id="subtitle4" ttm:role="caption" begin="00:00:11.399" end="00:00:15.496">removing picture backgrounds,<br />formating and positioning objects,</p>
      <p xml:id="subtitle5" ttm:role="caption" begin="00:00:15.497" end="00:00:17.290">and adding alternative text.</p>
      <p xml:id="subtitle6" ttm:role="caption" begin="00:00:18.690" end="00:00:21.850">Formatting graphic elements is<br />a great way to customize their</p>
      <p xml:id="subtitle7" ttm:role="caption" begin="00:00:21.851" end="00:00:22.950">look and feel.</p>
      <p xml:id="subtitle8" ttm:role="caption" begin="00:00:22.951" end="00:00:25.110">Begin by clicking<br />the picture of the penguin.</p>
      <p xml:id="subtitle9" ttm:role="caption" begin="00:00:26.470" end="00:00:28.100">This brings up the Format menu.</p>
      <p xml:id="subtitle10" ttm:role="caption" begin="00:00:29.190" end="00:00:32.180">The Format menu has options for<br />adjusting the picture</p>
      <p xml:id="subtitle11" ttm:role="caption" begin="00:00:32.181" end="00:00:35.460">including changing the background<br />and applying a border.</p>
      <p xml:id="subtitle12" ttm:role="caption" begin="00:00:35.461" end="00:00:38.150">One option is to apply a filter<br />that changes the look and</p>
      <p xml:id="subtitle13" ttm:role="caption" begin="00:00:38.151" end="00:00:39.160">feel of the image.</p>
      <p xml:id="subtitle14" ttm:role="caption" begin="00:00:40.250" end="00:00:44.060">This is achieved using the Artistic<br />Effect option on the Adjust group.</p>
      <p xml:id="subtitle15" ttm:role="caption" begin="00:00:45.480" end="00:00:49.340">To add some drama to the picture,<br />let's choose Chalk Sketch,</p>
      <p xml:id="subtitle16" ttm:role="caption" begin="00:00:49.341" end="00:00:51.840">the first option in row 2.</p>
      <p xml:id="subtitle17" ttm:role="caption" begin="00:00:51.841" end="00:00:56.220">Similarly, you can change the frame<br />of the picture using the Preble</p>
      <p xml:id="subtitle18" ttm:role="caption" begin="00:00:56.221" end="00:00:58.409">effect located in<br />the Picture Styles group.</p>
      <p xml:id="subtitle19" ttm:role="caption" begin="00:00:59.570" end="00:01:03.470">Click the drop down arrow next to<br />the icon showing different frames.</p>
      <p xml:id="subtitle20" ttm:role="caption" begin="00:01:03.471" end="00:01:05.150">Hover over style to preview it.</p>
      <p xml:id="subtitle21" ttm:role="caption" begin="00:01:07.080" end="00:01:08.240">Let's leave the option we have.</p>
      <p xml:id="subtitle22" ttm:role="caption" begin="00:01:11.190" end="00:01:14.470">A useful feature in word is<br />the ability to remove the background</p>
      <p xml:id="subtitle23" ttm:role="caption" begin="00:01:14.471" end="00:01:15.930">from a picture.</p>
      <p xml:id="subtitle24" ttm:role="caption" begin="00:01:15.931" end="00:01:18.830">This is great for making<br />social media profile images or</p>
      <p xml:id="subtitle25" ttm:role="caption" begin="00:01:18.831" end="00:01:20.500">overlaying one image<br />on top of another.</p>
      <p xml:id="subtitle26" ttm:role="caption" begin="00:01:21.500" end="00:01:23.990">Double click the penguin<br />image to view the Format tab.</p>
      <p xml:id="subtitle27" ttm:role="caption" begin="00:01:25.430" end="00:01:27.860">Then click Remove Background<br />in the Adjust group.</p>
      <p xml:id="subtitle28" ttm:role="caption" begin="00:01:28.990" end="00:01:31.930">Word gives you a preview by coloring<br />the background to be removed</p>
      <p xml:id="subtitle29" ttm:role="caption" begin="00:01:31.931" end="00:01:32.450">in purple.</p>
      <p xml:id="subtitle30" ttm:role="caption" begin="00:01:33.450" end="00:01:36.250">Stretch the box to the bottom<br />right to keep all of the penguin.</p>
      <p xml:id="subtitle31" ttm:role="caption" begin="00:01:38.000" end="00:01:40.070">Click keep changes to see<br />the finished product.</p>
      <p xml:id="subtitle32" ttm:role="caption" begin="00:01:41.570" end="00:01:43.320">In the same way that<br />you format pictures,</p>
      <p xml:id="subtitle33" ttm:role="caption" begin="00:01:43.321" end="00:01:45.648">you can also format objects.</p>
      <p xml:id="subtitle34" ttm:role="caption" begin="00:01:45.649" end="00:01:48.420">Click the star below the penguin<br />image to once again show</p>
      <p xml:id="subtitle35" ttm:role="caption" begin="00:01:48.421" end="00:01:49.090">the Format tab.</p>
      <p xml:id="subtitle36" ttm:role="caption" begin="00:01:50.530" end="00:01:52.740">You can change the shape outline and<br />fill or</p>
      <p xml:id="subtitle37" ttm:role="caption" begin="00:01:52.741" end="00:01:56.540">apply other overall shape<br />effects just like with images.</p>
      <p xml:id="subtitle38" ttm:role="caption" begin="00:01:56.541" end="00:01:58.518">Change the shape fill to green.</p>
      <p xml:id="subtitle39" ttm:role="caption" begin="00:02:01.129" end="00:02:04.366">You can also position objects in<br />different ways depending on how you</p>
      <p xml:id="subtitle40" ttm:role="caption" begin="00:02:04.367" end="00:02:05.970">want them to interact with text.</p>
      <p xml:id="subtitle41" ttm:role="caption" begin="00:02:07.040" end="00:02:09.660">Click on the star and try and<br />get on top of the penguin picture.</p>
      <p xml:id="subtitle42" ttm:role="caption" begin="00:02:12.480" end="00:02:15.540">Rotate it to the left to align<br />with the top of the picture.</p>
      <p xml:id="subtitle43" ttm:role="caption" begin="00:02:17.050" end="00:02:19.531">Resize it, trying to make<br />it bigger than the penguin.</p>
      <p xml:id="subtitle44" ttm:role="caption" begin="00:02:26.038" end="00:02:29.640">In the Format tab, click<br />Send Backwards then Send to Back.</p>
      <p xml:id="subtitle45" ttm:role="caption" begin="00:02:32.430" end="00:02:34.180">Group this picture<br />by holding Shift and</p>
      <p xml:id="subtitle46" ttm:role="caption" begin="00:02:34.181" end="00:02:37.000">clicking the picture,<br />text box, and star.</p>
      <p xml:id="subtitle47" ttm:role="caption" begin="00:02:38.110" end="00:02:38.720">Click Group.</p>
      <p xml:id="subtitle48" ttm:role="caption" begin="00:02:41.500" end="00:02:45.887">To choose the way the text wraps,<br />choose Square in the Wrap Text menu.</p>
      <p xml:id="subtitle49" ttm:role="caption" begin="00:02:49.087" end="00:02:52.231">Lower the horizontal line down to<br />make the penguin picture stand</p>
      <p xml:id="subtitle50" ttm:role="caption" begin="00:02:52.232" end="00:02:52.820">on its own.</p>
      <p xml:id="subtitle51" ttm:role="caption" begin="00:02:55.240" end="00:02:58.600">To make objects more accessible<br />to people who use screen readers,</p>
      <p xml:id="subtitle52" ttm:role="caption" begin="00:02:58.601" end="00:03:00.000">you can add alternative text.</p>
      <p xml:id="subtitle53" ttm:role="caption" begin="00:03:01.090" end="00:03:03.510">Right click on the penguin and<br />click format picture.</p>
      <p xml:id="subtitle54" ttm:role="caption" begin="00:03:07.540" end="00:03:08.780">Next, click the layout and</p>
      <p xml:id="subtitle55" ttm:role="caption" begin="00:03:08.781" end="00:03:11.300">properties icon to reveal<br />the alt text file.</p>
      <p xml:id="subtitle56" ttm:role="caption" begin="00:03:12.680" end="00:03:17.200">Type penguin in the title box and<br />then Antarctica and the description.</p>
    </div>
  </body>
</tt>