﻿<?xml version="1.0" encoding="utf-8"?>
<tt xmlns:ttm="http://www.w3.org/ns/ttml#metadata" xmlns:ttp="http://www.w3.org/ns/ttml#parameter" xmlns:tts="http://www.w3.org/ns/ttml#styling" xml:lang="eng" xmlns="http://www.w3.org/ns/ttml">
  <head>
    <metadata>
      <ttm:title>Media.wvx.aib</ttm:title>
      <ttm:copyright>Copyright (c) 2015 Microsoft Corporation.  All rights reserved.</ttm:copyright>
    </metadata>
    <styling>
      <style xml:id="s1" tts:fontFamily="Segoe UI" tts:fontSize="13px" tts:textAlign="center" tts:color="white" />
    </styling>
    <layout>
      <region xml:id="subtitleArea" style="s1" tts:origin="0% 0%" tts:extent="100% 60px" tts:padding="3px 3px" tts:backgroundColor="black" tts:opacity="0.7" tts:displayAlign="center" tts:showBackground="whenActive" />
    </layout>
  </head>
  <body>
    <div region="subtitleArea">
      <p xml:id="subtitle1" ttm:role="caption" begin="00:00:00.200" end="00:00:03.497">Welcome to Module 4 for Word 2016.</p>
      <p xml:id="subtitle2" ttm:role="caption" begin="00:00:03.498" end="00:00:06.350">In this module,<br />you'll learn some tricks for</p>
      <p xml:id="subtitle3" ttm:role="caption" begin="00:00:06.351" end="00:00:10.082">working with text in your documents,<br />including cutting and</p>
      <p xml:id="subtitle4" ttm:role="caption" begin="00:00:10.083" end="00:00:13.020">pasting as well as finding and<br />replacing text.</p>
      <p xml:id="subtitle5" ttm:role="caption" begin="00:00:14.080" end="00:00:17.100">Being able to easily move<br />text around is useful</p>
      <p xml:id="subtitle6" ttm:role="caption" begin="00:00:17.101" end="00:00:18.480">when you revise and edit.</p>
      <p xml:id="subtitle7" ttm:role="caption" begin="00:00:19.840" end="00:00:22.420">Open up the document titled<br />Newsletter Template For</p>
      <p xml:id="subtitle8" ttm:role="caption" begin="00:00:22.421" end="00:00:25.350">Word tutorial,<br />which is included in this course.</p>
      <p xml:id="subtitle9" ttm:role="caption" begin="00:00:27.320" end="00:00:30.050">Let's add information about<br />Antartica to this newsletter.</p>
      <p xml:id="subtitle10" ttm:role="caption" begin="00:00:31.090" end="00:00:33.487">Open up the Word doc that<br />came with this course titled</p>
      <p xml:id="subtitle11" ttm:role="caption" begin="00:00:33.488" end="00:00:34.750">Antarctica Information.</p>
      <p xml:id="subtitle12" ttm:role="caption" begin="00:00:40.678" end="00:00:47.830">Copy the paragraphs by highlighting<br />the text and pressing Ctrl+C.</p>
      <p xml:id="subtitle13" ttm:role="caption" begin="00:00:47.831" end="00:00:52.780">Return to your newsletter,<br />click the text</p>
      <p xml:id="subtitle14" ttm:role="caption" begin="00:00:52.781" end="00:00:54.300">in the column on the first page.</p>
      <p xml:id="subtitle15" ttm:role="caption" begin="00:00:55.390" end="00:00:55.890">Press Delete.</p>
      <p xml:id="subtitle16" ttm:role="caption" begin="00:01:00.547" end="00:01:04.270">To paste, press Ctrl+V.</p>
      <p xml:id="subtitle17" ttm:role="caption" begin="00:01:04.271" end="00:01:08.110">You can also find the Cut, Copy and<br />Paste options in the clipboard group</p>
      <p xml:id="subtitle18" ttm:role="caption" begin="00:01:08.111" end="00:01:11.250">on the Home tab or<br />by right clicking on the text and</p>
      <p xml:id="subtitle19" ttm:role="caption" begin="00:01:11.251" end="00:01:13.220">selecting from<br />the menu that appears.</p>
      <p xml:id="subtitle20" ttm:role="caption" begin="00:01:14.440" end="00:01:17.030">The Find and<br />Replace feature is useful</p>
      <p xml:id="subtitle21" ttm:role="caption" begin="00:01:17.031" end="00:01:20.070">when you want to replace<br />one word with another.</p>
      <p xml:id="subtitle22" ttm:role="caption" begin="00:01:20.071" end="00:01:24.670">In our document, let's replace the<br />word Template with the word Design.</p>
      <p xml:id="subtitle23" ttm:role="caption" begin="00:01:24.671" end="00:01:28.070">From the Home tab, click the Replace<br />command on the Editing group.</p>
      <p xml:id="subtitle24" ttm:role="caption" begin="00:01:29.350" end="00:01:32.590">In the box that appears,<br />type Template in the Find what box.</p>
      <p xml:id="subtitle25" ttm:role="caption" begin="00:01:34.990" end="00:01:37.780">And then type Design in<br />the Replace with box.</p>
      <p xml:id="subtitle26" ttm:role="caption" begin="00:01:39.550" end="00:01:40.450">Click Replace all.</p>
      <p xml:id="subtitle27" ttm:role="caption" begin="00:01:47.028" end="00:01:51.350">You can also replace text<br />using the autocorrect menu.</p>
      <p xml:id="subtitle28" ttm:role="caption" begin="00:01:51.351" end="00:01:55.311">On the File tab, go to Options and<br />select Proofing.</p>
      <p xml:id="subtitle29" ttm:role="caption" begin="00:02:01.952" end="00:02:05.040">Then click the AutoCorrect Options<br />box that appears.</p>
      <p xml:id="subtitle30" ttm:role="caption" begin="00:02:06.290" end="00:02:10.973">If you frequently misspell the word<br />Antarctica, type your misspelling in</p>
      <p xml:id="subtitle31" ttm:role="caption" begin="00:02:10.974" end="00:02:14.556">the Replace box and the correct<br />spelling in the With box.</p>
      <p xml:id="subtitle32" ttm:role="caption" begin="00:02:23.425" end="00:02:25.798">There are times you may<br />need to use symbols or</p>
      <p xml:id="subtitle33" ttm:role="caption" begin="00:02:25.799" end="00:02:30.315">special characters such as math<br />equations or business symbols.</p>
      <p xml:id="subtitle34" ttm:role="caption" begin="00:02:30.316" end="00:02:33.630">Let's place the copyright symbol<br />under the mountain graphic.</p>
      <p xml:id="subtitle35" ttm:role="caption" begin="00:02:34.640" end="00:02:37.897">Go to the Insert tab, click Symbol<br />and choose the copyright symbol.</p>
      <p xml:id="subtitle36" ttm:role="caption" begin="00:02:40.643" end="00:02:43.197">Type the word Microsoft<br />after the symbol.</p>
      <p xml:id="subtitle37" ttm:role="caption" begin="00:02:45.735" end="00:02:48.706">Repeat this process by inserting<br />the copyright symbol and</p>
      <p xml:id="subtitle38" ttm:role="caption" begin="00:02:48.707" end="00:02:51.135">the word Microsoft under<br />the image of the fish.</p>
    </div>
  </body>
</tt>