﻿<?xml version="1.0" encoding="utf-8"?>
<tt xmlns:ttm="http://www.w3.org/ns/ttml#metadata" xmlns:ttp="http://www.w3.org/ns/ttml#parameter" xmlns:tts="http://www.w3.org/ns/ttml#styling" xml:lang="eng" xmlns="http://www.w3.org/ns/ttml">
  <head>
    <metadata>
      <ttm:title>Media.wvx.aib</ttm:title>
      <ttm:copyright>Copyright (c) 2015 Microsoft Corporation.  All rights reserved.</ttm:copyright>
    </metadata>
    <styling>
      <style xml:id="s1" tts:fontFamily="Segoe UI" tts:fontSize="13px" tts:textAlign="center" tts:color="white" />
    </styling>
    <layout>
      <region xml:id="subtitleArea" style="s1" tts:origin="0% 0%" tts:extent="100% 60px" tts:padding="3px 3px" tts:backgroundColor="black" tts:opacity="0.7" tts:displayAlign="center" tts:showBackground="whenActive" />
    </layout>
  </head>
  <body>
    <div region="subtitleArea">
      <p xml:id="subtitle1" ttm:role="caption" begin="00:00:00.410" end="00:00:02.293">Welcome to Module 12 for Word 2016.</p>
      <p xml:id="subtitle2" ttm:role="caption" begin="00:00:02.294" end="00:00:06.759">In this module, you'll learn<br />how to resize rows and columns,</p>
      <p xml:id="subtitle3" ttm:role="caption" begin="00:00:06.760" end="00:00:08.698">configure cell margins and</p>
      <p xml:id="subtitle4" ttm:role="caption" begin="00:00:08.699" end="00:00:13.350">spacing, split tables, and<br />configure a repeating row header.</p>
      <p xml:id="subtitle5" ttm:role="caption" begin="00:00:14.370" end="00:00:16.310">These will make your<br />table easy to follow and</p>
      <p xml:id="subtitle6" ttm:role="caption" begin="00:00:16.311" end="00:00:17.590">have a professional appearance.</p>
      <p xml:id="subtitle7" ttm:role="caption" begin="00:00:18.700" end="00:00:23.160">You may notice the table needs to be<br />resized to better fit the contents.</p>
      <p xml:id="subtitle8" ttm:role="caption" begin="00:00:23.161" end="00:00:25.270">You can do this in a few ways.</p>
      <p xml:id="subtitle9" ttm:role="caption" begin="00:00:25.271" end="00:00:28.110">One easy way is to manually<br />adjust the row height or</p>
      <p xml:id="subtitle10" ttm:role="caption" begin="00:00:28.111" end="00:00:30.150">column width using a mouse or<br />touch screen.</p>
      <p xml:id="subtitle11" ttm:role="caption" begin="00:00:31.400" end="00:00:33.300">Place your cursor<br />anywhere on a vertical or</p>
      <p xml:id="subtitle12" ttm:role="caption" begin="00:00:33.301" end="00:00:36.490">horizontal table border to resize<br />the width or height of a cell.</p>
      <p xml:id="subtitle13" ttm:role="caption" begin="00:00:37.660" end="00:00:40.070">Try moving the right edge of<br />the table to the left a little.</p>
      <p xml:id="subtitle14" ttm:role="caption" begin="00:00:41.756" end="00:00:45.796">You can also adjust the cell size to<br />a specific measurement by clicking</p>
      <p xml:id="subtitle15" ttm:role="caption" begin="00:00:45.797" end="00:00:49.696">a cell in the table, and using the<br />up and down arrows next to the width</p>
      <p xml:id="subtitle16" ttm:role="caption" begin="00:00:49.697" end="00:00:52.502">or height icons in<br />the Table Tools Layout tab, or</p>
      <p xml:id="subtitle17" ttm:role="caption" begin="00:00:52.503" end="00:00:54.300">type in a specific dimension.</p>
      <p xml:id="subtitle18" ttm:role="caption" begin="00:01:00.282" end="00:01:03.325">In addition, you can change<br />the amount of space that shows</p>
      <p xml:id="subtitle19" ttm:role="caption" begin="00:01:03.326" end="00:01:06.800">up between the text and<br />the borders of the table.</p>
      <p xml:id="subtitle20" ttm:role="caption" begin="00:01:06.801" end="00:01:09.790">This is helpful because it can make<br />the text in your table stand out</p>
      <p xml:id="subtitle21" ttm:role="caption" begin="00:01:09.791" end="00:01:10.290">even more.</p>
      <p xml:id="subtitle22" ttm:role="caption" begin="00:01:11.310" end="00:01:13.510">To do this,<br />place your cursor in a cell and</p>
      <p xml:id="subtitle23" ttm:role="caption" begin="00:01:13.511" end="00:01:15.980">click the cell margins icon<br />in the Alignment group.</p>
      <p xml:id="subtitle24" ttm:role="caption" begin="00:01:18.590" end="00:01:21.970">This brings up the Table Options<br />box, where you can use the up and</p>
      <p xml:id="subtitle25" ttm:role="caption" begin="00:01:21.971" end="00:01:24.810">down arrows to adjust spacing<br />between the cells and margins.</p>
      <p xml:id="subtitle26" ttm:role="caption" begin="00:01:25.880" end="00:01:28.710">Check the box to allow<br />spacing between cells, and</p>
      <p xml:id="subtitle27" ttm:role="caption" begin="00:01:28.711" end="00:01:31.680">adjust it up a bit as well<br />as increase the top margin.</p>
      <p xml:id="subtitle28" ttm:role="caption" begin="00:01:31.681" end="00:01:33.320">Click OK to see the changes.</p>
      <p xml:id="subtitle29" ttm:role="caption" begin="00:01:36.369" end="00:01:38.785">At times,<br />when you are working with tables,</p>
      <p xml:id="subtitle30" ttm:role="caption" begin="00:01:38.786" end="00:01:40.700">you may end up with<br />a very long list.</p>
      <p xml:id="subtitle31" ttm:role="caption" begin="00:01:41.780" end="00:01:44.720">Word gives you the option to sort<br />the data in your table just like you</p>
      <p xml:id="subtitle32" ttm:role="caption" begin="00:01:44.721" end="00:01:46.420">can in Excel.</p>
      <p xml:id="subtitle33" ttm:role="caption" begin="00:01:46.421" end="00:01:47.220">Highlight the table.</p>
      <p xml:id="subtitle34" ttm:role="caption" begin="00:01:49.300" end="00:01:51.830">Click Sort in the Data<br />group on the Layout tab.</p>
      <p xml:id="subtitle35" ttm:role="caption" begin="00:01:53.852" end="00:01:55.880">Since there's only one<br />column in this table,</p>
      <p xml:id="subtitle36" ttm:role="caption" begin="00:01:55.881" end="00:01:57.990">sort by Column 1 in ascending order.</p>
      <p xml:id="subtitle37" ttm:role="caption" begin="00:01:59.540" end="00:02:01.090">This will alphabetize the data.</p>
      <p xml:id="subtitle38" ttm:role="caption" begin="00:02:02.530" end="00:02:05.430">Now the table group is organized<br />first with information about</p>
      <p xml:id="subtitle39" ttm:role="caption" begin="00:02:05.431" end="00:02:08.110">penguins, then seals, then whales.</p>
      <p xml:id="subtitle40" ttm:role="caption" begin="00:02:09.570" end="00:02:12.910">Splitting tables is useful when you<br />have a list of data that makes sense</p>
      <p xml:id="subtitle41" ttm:role="caption" begin="00:02:12.911" end="00:02:15.320">to be in separate tables<br />rather than all together.</p>
      <p xml:id="subtitle42" ttm:role="caption" begin="00:02:16.580" end="00:02:18.740">Place your cursor in<br />the first row for seal data.</p>
      <p xml:id="subtitle43" ttm:role="caption" begin="00:02:19.810" end="00:02:22.870">Go to the Merge group in the Layout<br />tab and click Split Table.</p>
      <p xml:id="subtitle44" ttm:role="caption" begin="00:02:24.700" end="00:02:26.400">Repeat this to separate<br />the whale data.</p>
      <p xml:id="subtitle45" ttm:role="caption" begin="00:02:29.549" end="00:02:31.910">Now you have three distinct tables.</p>
      <p xml:id="subtitle46" ttm:role="caption" begin="00:02:31.911" end="00:02:33.040">Let's clean these up a bit.</p>
      <p xml:id="subtitle47" ttm:role="caption" begin="00:02:34.270" end="00:02:36.870">To add a title row,<br />click anywhere in the top row,</p>
      <p xml:id="subtitle48" ttm:role="caption" begin="00:02:36.871" end="00:02:39.940">and click Insert Above<br />on the Layout tab.</p>
      <p xml:id="subtitle49" ttm:role="caption" begin="00:02:42.640" end="00:02:45.793">Name the first table Penguins.</p>
      <p xml:id="subtitle50" ttm:role="caption" begin="00:02:45.794" end="00:02:47.780">Repeat for Seals and Whales.</p>
      <p xml:id="subtitle51" ttm:role="caption" begin="00:02:55.245" end="00:02:58.167">Now, delete the first word in each<br />bullet, since it is obvious that</p>
      <p xml:id="subtitle52" ttm:role="caption" begin="00:02:58.168" end="00:03:00.541">you're talking about penguins,<br />whales, or seals.</p>
      <p xml:id="subtitle53" ttm:role="caption" begin="00:03:09.302" end="00:03:12.010">Also, remove the bullets<br />from the tables.</p>
      <p xml:id="subtitle54" ttm:role="caption" begin="00:03:24.160" end="00:03:26.969">Splitting cells can be useful when<br />you do not want to add another</p>
      <p xml:id="subtitle55" ttm:role="caption" begin="00:03:26.970" end="00:03:29.940">column, yet<br />you need to separate your data.</p>
      <p xml:id="subtitle56" ttm:role="caption" begin="00:03:29.941" end="00:03:31.420">Click in the title row for Penguins.</p>
      <p xml:id="subtitle57" ttm:role="caption" begin="00:03:32.570" end="00:03:34.620">On the Layout tab,<br />click Split Cells.</p>
      <p xml:id="subtitle58" ttm:role="caption" begin="00:03:36.200" end="00:03:38.280">Choose two columns and one row.</p>
      <p xml:id="subtitle59" ttm:role="caption" begin="00:03:38.281" end="00:03:40.080">You now have created<br />two cells out of one.</p>
      <p xml:id="subtitle60" ttm:role="caption" begin="00:03:42.580" end="00:03:44.990">Just as you can split cells<br />you can also merge them.</p>
      <p xml:id="subtitle61" ttm:role="caption" begin="00:03:46.580" end="00:03:48.650">Click Merge Cells<br />in the Merge group.</p>
      <p xml:id="subtitle62" ttm:role="caption" begin="00:03:51.237" end="00:03:54.328">Sometimes, when you are working<br />with tables, you end up with</p>
      <p xml:id="subtitle63" ttm:role="caption" begin="00:03:54.329" end="00:03:57.123">a very long list that goes from<br />left to right on the page,</p>
      <p xml:id="subtitle64" ttm:role="caption" begin="00:03:57.124" end="00:03:59.390">and eventually continues<br />to the page below.</p>
      <p xml:id="subtitle65" ttm:role="caption" begin="00:04:00.590" end="00:04:04.770">In this case, you may need to<br />add repeating row in your table.</p>
      <p xml:id="subtitle66" ttm:role="caption" begin="00:04:04.771" end="00:04:07.426">Simply select the row that you<br />want to repeat as the header on</p>
      <p xml:id="subtitle67" ttm:role="caption" begin="00:04:07.427" end="00:04:08.383">the following page,</p>
      <p xml:id="subtitle68" ttm:role="caption" begin="00:04:08.384" end="00:04:10.897">and click the Repeat Row Headers<br />icon in the Data group.</p>
    </div>
  </body>
</tt>