﻿<?xml version="1.0" encoding="utf-8"?>
<tt xmlns:ttm="http://www.w3.org/ns/ttml#metadata" xmlns:ttp="http://www.w3.org/ns/ttml#parameter" xmlns:tts="http://www.w3.org/ns/ttml#styling" xml:lang="eng" xmlns="http://www.w3.org/ns/ttml">
  <head>
    <metadata>
      <ttm:title>Media.wvx.aib</ttm:title>
      <ttm:copyright>Copyright (c) 2015 Microsoft Corporation.  All rights reserved.</ttm:copyright>
    </metadata>
    <styling>
      <style xml:id="s1" tts:fontFamily="Segoe UI" tts:fontSize="13px" tts:textAlign="center" tts:color="white" />
    </styling>
    <layout>
      <region xml:id="subtitleArea" style="s1" tts:origin="0% 0%" tts:extent="100% 60px" tts:padding="3px 3px" tts:backgroundColor="black" tts:opacity="0.7" tts:displayAlign="center" tts:showBackground="whenActive" />
    </layout>
  </head>
  <body>
    <div region="subtitleArea">
      <p xml:id="subtitle1" ttm:role="caption" begin="00:00:00.001" end="00:00:04.532">Welcome to Module 6 for Word 2016.</p>
      <p xml:id="subtitle2" ttm:role="caption" begin="00:00:04.533" end="00:00:08.852">In this module, you will learn how<br />to format text in multiple columns,</p>
      <p xml:id="subtitle3" ttm:role="caption" begin="00:00:08.853" end="00:00:13.610">insert page and section breaks and<br />change page setup options.</p>
      <p xml:id="subtitle4" ttm:role="caption" begin="00:00:13.611" end="00:00:16.670">This is useful when creating<br />newsletters, resumes and</p>
      <p xml:id="subtitle5" ttm:role="caption" begin="00:00:16.671" end="00:00:18.700">other publications.</p>
      <p xml:id="subtitle6" ttm:role="caption" begin="00:00:18.701" end="00:00:22.702">Notice that your document is already<br />organized in columns by default.</p>
      <p xml:id="subtitle7" ttm:role="caption" begin="00:00:22.703" end="00:00:24.180">Let's add a section break so</p>
      <p xml:id="subtitle8" ttm:role="caption" begin="00:00:24.181" end="00:00:26.190">that you can work with<br />columns on a fresh page.</p>
      <p xml:id="subtitle9" ttm:role="caption" begin="00:00:27.360" end="00:00:29.120">Scroll to the bottom of page two.</p>
      <p xml:id="subtitle10" ttm:role="caption" begin="00:00:30.380" end="00:00:32.620">On the Layout tab,<br />find the Page Setup group and</p>
      <p xml:id="subtitle11" ttm:role="caption" begin="00:00:32.621" end="00:00:33.910">click the Break's icon.</p>
      <p xml:id="subtitle12" ttm:role="caption" begin="00:00:36.450" end="00:00:42.231">Scroll to the Section Break's part<br />of the menu and select Next page.</p>
      <p xml:id="subtitle13" ttm:role="caption" begin="00:00:42.232" end="00:00:43.849">Now that you have a blank page,</p>
      <p xml:id="subtitle14" ttm:role="caption" begin="00:00:43.850" end="00:00:46.410">let's adjust the number<br />of columns on the page.</p>
      <p xml:id="subtitle15" ttm:role="caption" begin="00:00:47.880" end="00:00:51.450">To do this, simply select the number<br />of columns you'd like to add by</p>
      <p xml:id="subtitle16" ttm:role="caption" begin="00:00:51.451" end="00:00:53.790">clicking the columns icon<br />on the page setup group.</p>
      <p xml:id="subtitle17" ttm:role="caption" begin="00:00:54.820" end="00:00:56.399">Let's add two columns.</p>
      <p xml:id="subtitle18" ttm:role="caption" begin="00:00:57.960" end="00:01:00.560">Add in any relevant text<br />to see the two columns.</p>
      <p xml:id="subtitle19" ttm:role="caption" begin="00:01:02.570" end="00:01:05.450">You can create a page that is<br />a separate part of your document</p>
      <p xml:id="subtitle20" ttm:role="caption" begin="00:01:05.451" end="00:01:07.230">to which you can apply layout or</p>
      <p xml:id="subtitle21" ttm:role="caption" begin="00:01:07.231" end="00:01:10.110">formatting changes that do not<br />affect the rest of the document.</p>
      <p xml:id="subtitle22" ttm:role="caption" begin="00:01:11.500" end="00:01:14.850">For example, if you want to<br />change the page orientation for</p>
      <p xml:id="subtitle23" ttm:role="caption" begin="00:01:14.851" end="00:01:18.770">this section, you can do so now<br />without affecting any other page.</p>
      <p xml:id="subtitle24" ttm:role="caption" begin="00:01:18.771" end="00:01:21.230">First, delete the text<br />you just added.</p>
      <p xml:id="subtitle25" ttm:role="caption" begin="00:01:23.640" end="00:01:26.761">Next, change the orientation of<br />the page to landscape by clicking</p>
      <p xml:id="subtitle26" ttm:role="caption" begin="00:01:26.762" end="00:01:28.945">the orientation icon in<br />the page setup group.</p>
    </div>
  </body>
</tt>