﻿<?xml version="1.0" encoding="utf-8"?>
<tt xmlns:ttm="http://www.w3.org/ns/ttml#metadata" xmlns:ttp="http://www.w3.org/ns/ttml#parameter" xmlns:tts="http://www.w3.org/ns/ttml#styling" xml:lang="eng" xmlns="http://www.w3.org/ns/ttml">
  <head>
    <metadata>
      <ttm:title>Media.wvx.aib</ttm:title>
      <ttm:copyright>Copyright (c) 2015 Microsoft Corporation.  All rights reserved.</ttm:copyright>
    </metadata>
    <styling>
      <style xml:id="s1" tts:fontFamily="Segoe UI" tts:fontSize="13px" tts:textAlign="center" tts:color="white" />
    </styling>
    <layout>
      <region xml:id="subtitleArea" style="s1" tts:origin="0% 0%" tts:extent="100% 60px" tts:padding="3px 3px" tts:backgroundColor="black" tts:opacity="0.7" tts:displayAlign="center" tts:showBackground="whenActive" />
    </layout>
  </head>
  <body>
    <div region="subtitleArea">
      <p xml:id="subtitle1" ttm:role="caption" begin="00:00:00.700" end="00:00:02.840">Welcome to module 16 for Word 2016.</p>
      <p xml:id="subtitle2" ttm:role="caption" begin="00:00:02.841" end="00:00:07.716">In this module, you will learn how<br />to print and save the document.</p>
      <p xml:id="subtitle3" ttm:role="caption" begin="00:00:07.717" end="00:00:10.274">Including ways to inspect for<br />accessibility and</p>
      <p xml:id="subtitle4" ttm:role="caption" begin="00:00:10.275" end="00:00:12.170">compatibility issues.</p>
      <p xml:id="subtitle5" ttm:role="caption" begin="00:00:12.171" end="00:00:15.820">Save in alternative file formats,<br />and modify print settings.</p>
      <p xml:id="subtitle6" ttm:role="caption" begin="00:00:16.870" end="00:00:18.080">Now, that you're done writing and</p>
      <p xml:id="subtitle7" ttm:role="caption" begin="00:00:18.081" end="00:00:21.270">formatting, it's time to start<br />thinking about publishing.</p>
      <p xml:id="subtitle8" ttm:role="caption" begin="00:00:21.271" end="00:00:24.200">First, you'll want to inspect for<br />hidden personal information</p>
      <p xml:id="subtitle9" ttm:role="caption" begin="00:00:24.201" end="00:00:27.910">that might be passed along if<br />you send an electronic version.</p>
      <p xml:id="subtitle10" ttm:role="caption" begin="00:00:27.911" end="00:00:30.140">Start by saving a copy.</p>
      <p xml:id="subtitle11" ttm:role="caption" begin="00:00:30.141" end="00:00:32.310">Slick Save as on the file tab and</p>
      <p xml:id="subtitle12" ttm:role="caption" begin="00:00:32.311" end="00:00:34.390">type a new name such<br />as copy to inspect.</p>
      <p xml:id="subtitle13" ttm:role="caption" begin="00:00:35.770" end="00:00:36.549">Then click Save.</p>
      <p xml:id="subtitle14" ttm:role="caption" begin="00:00:42.859" end="00:00:45.510">Return to the file tab and<br />click on Info.</p>
      <p xml:id="subtitle15" ttm:role="caption" begin="00:00:47.850" end="00:00:50.490">Click check for issues and<br />select Inspect Document.</p>
      <p xml:id="subtitle16" ttm:role="caption" begin="00:00:52.960" end="00:00:55.740">Click the inspect button and<br />scroll through the results.</p>
      <p xml:id="subtitle17" ttm:role="caption" begin="00:01:02.232" end="00:01:03.720">So leave it as it is for now.</p>
      <p xml:id="subtitle18" ttm:role="caption" begin="00:01:06.090" end="00:01:08.780">You can also inspect for<br />accessibility issues and check</p>
      <p xml:id="subtitle19" ttm:role="caption" begin="00:01:08.781" end="00:01:12.730">that the document is compatible<br />with earlier versions of Word.</p>
      <p xml:id="subtitle20" ttm:role="caption" begin="00:01:12.731" end="00:01:14.330">Now, you're ready to<br />send it electronically.</p>
      <p xml:id="subtitle21" ttm:role="caption" begin="00:01:16.650" end="00:01:19.860">Word gives you plenty of file types<br />to choose from, including older</p>
      <p xml:id="subtitle22" ttm:role="caption" begin="00:01:19.861" end="00:01:23.125">versions of Word, rich text format,<br />open document, etc.</p>
      <p xml:id="subtitle23" ttm:role="caption" begin="00:01:24.490" end="00:01:26.840">One of the most common is PDF.</p>
      <p xml:id="subtitle24" ttm:role="caption" begin="00:01:26.841" end="00:01:30.030">To save as a PDF,<br />go to Save as on the file tab.</p>
      <p xml:id="subtitle25" ttm:role="caption" begin="00:01:32.070" end="00:01:34.600">Click the box next to the save<br />button to see a full list of</p>
      <p xml:id="subtitle26" ttm:role="caption" begin="00:01:34.601" end="00:01:35.400">options.</p>
      <p xml:id="subtitle27" ttm:role="caption" begin="00:01:35.401" end="00:01:37.110">Click PDF, and then Save.</p>
      <p xml:id="subtitle28" ttm:role="caption" begin="00:01:39.110" end="00:01:41.420">Even their documents are often<br />send electronically,</p>
      <p xml:id="subtitle29" ttm:role="caption" begin="00:01:41.421" end="00:01:43.380">sometimes you may need<br />to print a hard copy.</p>
      <p xml:id="subtitle30" ttm:role="caption" begin="00:01:44.450" end="00:01:47.510">Click the file tab again,<br />and select Print.</p>
      <p xml:id="subtitle31" ttm:role="caption" begin="00:01:47.511" end="00:01:49.778">Here, you can choose to print all or<br />part of your document.</p>
      <p xml:id="subtitle32" ttm:role="caption" begin="00:01:49.779" end="00:01:51.928">One-sided or<br />double-sided printing, and</p>
      <p xml:id="subtitle33" ttm:role="caption" begin="00:01:51.929" end="00:01:53.800">the number of pages<br />to print on a sheet.</p>
      <p xml:id="subtitle34" ttm:role="caption" begin="00:01:55.250" end="00:01:58.450">You can even adjust page setup<br />options such as orientation and</p>
      <p xml:id="subtitle35" ttm:role="caption" begin="00:01:58.451" end="00:01:59.190">paper size.</p>
      <p xml:id="subtitle36" ttm:role="caption" begin="00:02:00.552" end="00:02:02.360">When you're confident<br />in your choices,</p>
      <p xml:id="subtitle37" ttm:role="caption" begin="00:02:02.361" end="00:02:04.850">choose the number of copies<br />you'd like and hit Print.</p>
      <p xml:id="subtitle38" ttm:role="caption" begin="00:02:07.150" end="00:02:11.387">Congratulations, this is the end<br />of the Microsoft Office specialist</p>
      <p xml:id="subtitle39" ttm:role="caption" begin="00:02:11.388" end="00:02:13.554">academy course for Word 2016.</p>
      <p xml:id="subtitle40" ttm:role="caption" begin="00:02:13.555" end="00:02:14.978">To prepare for your exam,</p>
      <p xml:id="subtitle41" ttm:role="caption" begin="00:02:14.979" end="00:02:17.640">think of a topic that<br />interests you to research.</p>
      <p xml:id="subtitle42" ttm:role="caption" begin="00:02:18.710" end="00:02:21.310">Use the objective domains<br />PDF as your checklist.</p>
    </div>
  </body>
</tt>