﻿<?xml version="1.0" encoding="utf-8"?>
<tt xmlns:ttm="http://www.w3.org/ns/ttml#metadata" xmlns:ttp="http://www.w3.org/ns/ttml#parameter" xmlns:tts="http://www.w3.org/ns/ttml#styling" xml:lang="eng" xmlns="http://www.w3.org/ns/ttml">
  <head>
    <metadata>
      <ttm:title>Media.wvx.aib</ttm:title>
      <ttm:copyright>Copyright (c) 2015 Microsoft Corporation.  All rights reserved.</ttm:copyright>
    </metadata>
    <styling>
      <style xml:id="s1" tts:fontFamily="Segoe UI" tts:fontSize="13px" tts:textAlign="center" tts:color="white" />
    </styling>
    <layout>
      <region xml:id="subtitleArea" style="s1" tts:origin="0% 0%" tts:extent="100% 60px" tts:padding="3px 3px" tts:backgroundColor="black" tts:opacity="0.7" tts:displayAlign="center" tts:showBackground="whenActive" />
    </layout>
  </head>
  <body>
    <div region="subtitleArea">
      <p xml:id="subtitle1" ttm:role="caption" begin="00:00:00.230" end="00:00:02.290">Welcome to Module 13 for Word 2016.</p>
      <p xml:id="subtitle2" ttm:role="caption" begin="00:00:02.291" end="00:00:06.540">In this module,<br />you will learn how to create and</p>
      <p xml:id="subtitle3" ttm:role="caption" begin="00:00:06.541" end="00:00:09.370">manage Reference Markers,<br />such as footnote, endnote, and</p>
      <p xml:id="subtitle4" ttm:role="caption" begin="00:00:09.371" end="00:00:14.400">bibliographic citations, as well<br />as adding and modifying captions.</p>
      <p xml:id="subtitle5" ttm:role="caption" begin="00:00:14.401" end="00:00:19.120">Work makes it easy to comply<br />with MLA, and APA formats.</p>
      <p xml:id="subtitle6" ttm:role="caption" begin="00:00:19.121" end="00:00:21.580">Click at the end of paragraph two.</p>
      <p xml:id="subtitle7" ttm:role="caption" begin="00:00:21.581" end="00:00:24.190">Click in the References tab and<br />find the footnotes group.</p>
      <p xml:id="subtitle8" ttm:role="caption" begin="00:00:24.191" end="00:00:26.937">You have the option of<br />creating a footnote which</p>
      <p xml:id="subtitle9" ttm:role="caption" begin="00:00:26.938" end="00:00:29.514">places a note at<br />the bottom of the page, or</p>
      <p xml:id="subtitle10" ttm:role="caption" begin="00:00:29.515" end="00:00:34.050">an end note which places a note at<br />the end of the entire document.</p>
      <p xml:id="subtitle11" ttm:role="caption" begin="00:00:34.051" end="00:00:35.682">When you insert an end note,</p>
      <p xml:id="subtitle12" ttm:role="caption" begin="00:00:35.683" end="00:00:39.110">Word places a small number where<br />your cursor was and takes you to</p>
      <p xml:id="subtitle13" ttm:role="caption" begin="00:00:39.111" end="00:00:43.700">the bottom of the document where you<br />can write additional information.</p>
      <p xml:id="subtitle14" ttm:role="caption" begin="00:00:43.701" end="00:00:46.394">To change any aspect of<br />your footnote or end note,</p>
      <p xml:id="subtitle15" ttm:role="caption" begin="00:00:46.395" end="00:00:50.056">click the arrow in the lower<br />right corner in the footnotes</p>
      <p xml:id="subtitle16" ttm:role="caption" begin="00:00:50.057" end="00:00:53.370">group to open a box with<br />additional options.</p>
      <p xml:id="subtitle17" ttm:role="caption" begin="00:00:53.371" end="00:00:55.578">In addition to end notes and<br />footnotes,</p>
      <p xml:id="subtitle18" ttm:role="caption" begin="00:00:55.579" end="00:00:59.040">Word will build<br />a bibliography as you work.</p>
      <p xml:id="subtitle19" ttm:role="caption" begin="00:00:59.041" end="00:01:01.900">Find the citations and bibliography<br />group on the ribbon, and</p>
      <p xml:id="subtitle20" ttm:role="caption" begin="00:01:01.901" end="00:01:04.000">click the arrow on<br />the box next to Style.</p>
      <p xml:id="subtitle21" ttm:role="caption" begin="00:01:06.840" end="00:01:08.360">MLA is a common style.</p>
      <p xml:id="subtitle22" ttm:role="caption" begin="00:01:08.361" end="00:01:11.720">Scroll down and select that one.</p>
      <p xml:id="subtitle23" ttm:role="caption" begin="00:01:11.721" end="00:01:15.156">Next, place your cursor at the end<br />of the overview section on the first</p>
      <p xml:id="subtitle24" ttm:role="caption" begin="00:01:15.157" end="00:01:17.060">page and click Insert Citation.</p>
      <p xml:id="subtitle25" ttm:role="caption" begin="00:01:19.270" end="00:01:22.924">Now you can choose to Add a New<br />Source or Add a New Place holder if</p>
      <p xml:id="subtitle26" ttm:role="caption" begin="00:01:22.925" end="00:01:26.160">you want to fill in<br />the source information later.</p>
      <p xml:id="subtitle27" ttm:role="caption" begin="00:01:26.161" end="00:01:28.950">Click Add New Source.</p>
      <p xml:id="subtitle28" ttm:role="caption" begin="00:01:28.951" end="00:01:32.337">Since the information we're using<br />comes from a website article choose</p>
      <p xml:id="subtitle29" ttm:role="caption" begin="00:01:32.338" end="00:01:35.901">Web site in the Type of Source<br />field that displays in the create</p>
      <p xml:id="subtitle30" ttm:role="caption" begin="00:01:35.902" end="00:01:36.680">source box.</p>
      <p xml:id="subtitle31" ttm:role="caption" begin="00:01:36.681" end="00:01:38.820">Click Corporate Author.</p>
      <p xml:id="subtitle32" ttm:role="caption" begin="00:01:38.821" end="00:01:41.770">Type MSNBC Staff in<br />the author field.</p>
      <p xml:id="subtitle33" ttm:role="caption" begin="00:01:44.460" end="00:01:48.915">Type Antarctica Study<br />Challenges Warming Sceptics in</p>
      <p xml:id="subtitle34" ttm:role="caption" begin="00:01:48.916" end="00:01:51.150">the Name of Web Page field.</p>
      <p xml:id="subtitle35" ttm:role="caption" begin="00:01:51.151" end="00:01:54.590">Type January 21,<br />2009 in the dates fields.</p>
      <p xml:id="subtitle36" ttm:role="caption" begin="00:02:00.780" end="00:02:02.785">Fill in the remaining cells and<br />click Ok.</p>
      <p xml:id="subtitle37" ttm:role="caption" begin="00:02:05.575" end="00:02:09.281">Word automatically places the last<br />name of the author in the document,</p>
      <p xml:id="subtitle38" ttm:role="caption" begin="00:02:09.282" end="00:02:10.587">according to MLA style.</p>
      <p xml:id="subtitle39" ttm:role="caption" begin="00:02:12.930" end="00:02:15.220">Now this citation has been inserted.</p>
      <p xml:id="subtitle40" ttm:role="caption" begin="00:02:15.221" end="00:02:18.320">You can create a bibliography.</p>
      <p xml:id="subtitle41" ttm:role="caption" begin="00:02:18.321" end="00:02:22.540">Scroll to the end of your<br />newsletter and add another page.</p>
      <p xml:id="subtitle42" ttm:role="caption" begin="00:02:22.541" end="00:02:26.058">Still in the References tab, click<br />Bibliography, on the Citations and</p>
      <p xml:id="subtitle43" ttm:role="caption" begin="00:02:26.059" end="00:02:27.163">Bibliography group.</p>
      <p xml:id="subtitle44" ttm:role="caption" begin="00:02:32.024" end="00:02:34.596">A list of pre-designed<br />formats appears,</p>
      <p xml:id="subtitle45" ttm:role="caption" begin="00:02:34.597" end="00:02:37.555">choose the Works Cited<br />format by clicking on it.</p>
      <p xml:id="subtitle46" ttm:role="caption" begin="00:02:37.556" end="00:02:42.680">Word takes the information that you<br />input by creating the source and</p>
      <p xml:id="subtitle47" ttm:role="caption" begin="00:02:42.681" end="00:02:47.020">formats it properly according<br />to the style you selected.</p>
      <p xml:id="subtitle48" ttm:role="caption" begin="00:02:47.021" end="00:02:52.070">You can modify all of your sources<br />by clicking manage sources.</p>
      <p xml:id="subtitle49" ttm:role="caption" begin="00:02:52.071" end="00:02:54.470">You can Edit them,<br />Preview how they'll appear, and</p>
      <p xml:id="subtitle50" ttm:role="caption" begin="00:02:54.471" end="00:02:56.870">even add sources from other<br />documents you've created.</p>
      <p xml:id="subtitle51" ttm:role="caption" begin="00:02:59.190" end="00:03:02.617">Lastly, the References tab also<br />let's you manage captions for</p>
      <p xml:id="subtitle52" ttm:role="caption" begin="00:03:02.618" end="00:03:05.980">pictures or<br />objects in your document.</p>
      <p xml:id="subtitle53" ttm:role="caption" begin="00:03:05.981" end="00:03:07.080">Go back to page two.</p>
      <p xml:id="subtitle54" ttm:role="caption" begin="00:03:10.360" end="00:03:12.036">Click on the penguin picture and</p>
      <p xml:id="subtitle55" ttm:role="caption" begin="00:03:12.037" end="00:03:14.710">choose, Insert Caption<br />from the Captions group.</p>
      <p xml:id="subtitle56" ttm:role="caption" begin="00:03:14.711" end="00:03:17.750">Type Emperor Penguin<br />in the Caption box.</p>
      <p xml:id="subtitle57" ttm:role="caption" begin="00:03:21.597" end="00:03:23.857">If you don't see your<br />caption in the document,</p>
      <p xml:id="subtitle58" ttm:role="caption" begin="00:03:23.858" end="00:03:26.241">it's probably because<br />the colour is set to white.</p>
    </div>
  </body>
</tt>