﻿<?xml version="1.0" encoding="utf-8"?>
<tt xmlns:ttm="http://www.w3.org/ns/ttml#metadata" xmlns:ttp="http://www.w3.org/ns/ttml#parameter" xmlns:tts="http://www.w3.org/ns/ttml#styling" xml:lang="eng" xmlns="http://www.w3.org/ns/ttml">
  <head>
    <metadata>
      <ttm:title>Media.wvx.aib</ttm:title>
      <ttm:copyright>Copyright (c) 2015 Microsoft Corporation.  All rights reserved.</ttm:copyright>
    </metadata>
    <styling>
      <style xml:id="s1" tts:fontFamily="Segoe UI" tts:fontSize="13px" tts:textAlign="center" tts:color="white" />
    </styling>
    <layout>
      <region xml:id="subtitleArea" style="s1" tts:origin="0% 0%" tts:extent="100% 60px" tts:padding="3px 3px" tts:backgroundColor="black" tts:opacity="0.7" tts:displayAlign="center" tts:showBackground="whenActive" />
    </layout>
  </head>
  <body>
    <div region="subtitleArea">
      <p xml:id="subtitle1" ttm:role="caption" begin="00:00:00.170" end="00:00:02.000">Welcome to Module 9 for Word 2016.</p>
      <p xml:id="subtitle2" ttm:role="caption" begin="00:00:02.001" end="00:00:07.040">In this module you will learn<br />how to create Format, and</p>
      <p xml:id="subtitle3" ttm:role="caption" begin="00:00:07.041" end="00:00:08.680">Modify a SmartArt Graphic.</p>
      <p xml:id="subtitle4" ttm:role="caption" begin="00:00:09.790" end="00:00:13.444">SmartArt Graphics are a visual<br />representation of your information</p>
      <p xml:id="subtitle5" ttm:role="caption" begin="00:00:13.445" end="00:00:14.090">and ideas.</p>
      <p xml:id="subtitle6" ttm:role="caption" begin="00:00:15.710" end="00:00:18.100">Insert a new page below<br />the penguin picture.</p>
      <p xml:id="subtitle7" ttm:role="caption" begin="00:00:19.165" end="00:00:23.360">In the Inside tab, click Page Break,<br />then select one column.</p>
      <p xml:id="subtitle8" ttm:role="caption" begin="00:00:25.430" end="00:00:27.790">Let's add smart art to our visual.</p>
      <p xml:id="subtitle9" ttm:role="caption" begin="00:00:27.791" end="00:00:28.810">Click the Insert tab and</p>
      <p xml:id="subtitle10" ttm:role="caption" begin="00:00:28.811" end="00:00:30.830">select Smart art in<br />the Illustrations group.</p>
      <p xml:id="subtitle11" ttm:role="caption" begin="00:00:31.850" end="00:00:35.730">This pulls up a box with different<br />types of graphic organizers.</p>
      <p xml:id="subtitle12" ttm:role="caption" begin="00:00:35.731" end="00:00:38.850">Choose the basic cycle graphic<br />from the cycle section.</p>
      <p xml:id="subtitle13" ttm:role="caption" begin="00:00:40.320" end="00:00:42.240">Click OK to add it to the page.</p>
      <p xml:id="subtitle14" ttm:role="caption" begin="00:00:44.310" end="00:00:48.109">Start typing text and watch as<br />it is inserted on the graphic.</p>
      <p xml:id="subtitle15" ttm:role="caption" begin="00:00:48.110" end="00:00:52.600">Type Rise in temp and click<br />the down arrow on your key pad.</p>
      <p xml:id="subtitle16" ttm:role="caption" begin="00:00:54.810" end="00:01:02.490">Now type Sea ice declined Next,<br />type fewer krill.</p>
      <p xml:id="subtitle17" ttm:role="caption" begin="00:01:05.505" end="00:01:10.112">Lastly, type fewer penguins to<br />end the cycle we are describing.</p>
      <p xml:id="subtitle18" ttm:role="caption" begin="00:01:12.770" end="00:01:15.058">To remove the unneeded<br />circle on the graphic,</p>
      <p xml:id="subtitle19" ttm:role="caption" begin="00:01:15.059" end="00:01:18.180">press the down arrow again and<br />hit backspace on your keyboard.</p>
      <p xml:id="subtitle20" ttm:role="caption" begin="00:01:20.060" end="00:01:22.920">To change the look and<br />feel of a smart art graphic,</p>
      <p xml:id="subtitle21" ttm:role="caption" begin="00:01:22.921" end="00:01:25.870">use the layout in smart art<br />styles groups on the ribbon.</p>
      <p xml:id="subtitle22" ttm:role="caption" begin="00:01:27.160" end="00:01:29.070">Let's change the layout<br />to block style.</p>
      <p xml:id="subtitle23" ttm:role="caption" begin="00:01:29.071" end="00:01:30.570">The third one in the list and</p>
      <p xml:id="subtitle24" ttm:role="caption" begin="00:01:30.571" end="00:01:33.280">the style to moderate effect,<br />the second one in the list.</p>
      <p xml:id="subtitle25" ttm:role="caption" begin="00:01:35.290" end="00:01:39.040">You could also change the color<br />using the change color icon.</p>
      <p xml:id="subtitle26" ttm:role="caption" begin="00:01:39.041" end="00:01:42.272">But Word automatically selects<br />a color to match the document theme.</p>
    </div>
  </body>
</tt>