﻿<?xml version="1.0" encoding="utf-8" ?>
<type version="4.0" playbackSource="HTML" editorType="HTML" canSendCompletion="false">
  <instance>
    <languages>
      <language name="neutral" />
      <language name="ja" />
      <language name="zh-cn" />
    </languages>
  </instance>
  <editor>
    <languages>
      <language name="neutral">
        <name>Information</name>
        <description>An information page containing HTML-based content</description>
      </language>
    </languages>
  </editor>
</type>
