﻿<?xml version="1.0" encoding="utf-8"?>
<?access-control allow="*"?>
<tt xml:lang="en" xmlns="http://www.w3.org/ns/ttml" xmlns:ttm="http://www.w3.org/ns/ttml#metadata" xmlns:tts="http://www.w3.org/ns/ttml#styling" xmlns:ttp="http://www.w3.org/ns/ttml#parameter">
  <head>
    <ttm:title>Captions</ttm:title>
    <metadata>
      <ttm:copyright>
        (c) Microsoft 2012, all rights reserved.
      </ttm:copyright>
    </metadata>
    <styling>
      <!-- s1 specifies default color, font, and text alignment -->
      <style xml:id="s1" tts:color="white" tts:fontFamily="proportionalSansSerif" tts:fontSize="16px" tts:textAlign="center" />
      <!-- alternative using yellow text but otherwise as style s1 -->
      <style xml:id="s2" style="s1" tts:color="yellow" />
      <!-- a style based on s1 but justified to the right -->
      <style xml:id="s1Right" style="s1" tts:textAlign="end" />
      <!-- a style based on s2 but justified to the left -->
      <style xml:id="s2Left" style="s2" tts:textAlign="start" />
    </styling>
    <layout>
      <region xml:id="subtitleArea" style="s1" tts:origin="0% 0%" tts:extent="100% 60px" tts:padding="3px 3px" tts:backgroundColor="black" tts:opacity="0.7" tts:displayAlign="center" tts:showBackground="whenActive" />
    </layout>
  </head>
  <body>
    <div region="subtitleArea">
      <p xml:id="subtitle2" ttm:role="caption" begin="00:00:01:01" end="00:00:03:25">Welcome. This short video will show you how to navigate</p>
      <p xml:id="subtitle3" ttm:role="caption" begin="00:00:04:01" end="00:00:07:17">the course by using the navigation arrows and the table of contents.</p>
      <p xml:id="subtitle4" ttm:role="caption" begin="00:00:07:23" end="00:00:09:15">It will also show you how to use the practices that are within the</p>
      <p xml:id="subtitle5" ttm:role="caption" begin="00:00:09:21" end="00:00:13:01">course, and use the assessment at the end of the course.</p>
      <p xml:id="subtitle6" ttm:role="caption" begin="00:00:13:07" end="00:00:17:19">Let’s look at the course navigation in this example course.</p>
      <p xml:id="subtitle7" ttm:role="caption" begin="00:00:17:25" end="00:00:20:29"></p>
      <p xml:id="subtitle8" ttm:role="caption" begin="00:00:21:05" end="00:00:23:03">To start the course, select the forward arrow</p>
      <p xml:id="subtitle9" ttm:role="caption" begin="00:00:23:09" end="00:00:25:24">in the lower-right corner of the course launcher window.</p>
      <p xml:id="subtitle10" ttm:role="caption" begin="00:00:26:00" end="00:00:27:27">Here, you will see the table of contents,</p>
      <p xml:id="subtitle11" ttm:role="caption" begin="00:00:28:03" end="00:00:30:06">which you can use to navigate through the course.</p>
      <p xml:id="subtitle12" ttm:role="caption" begin="00:00:30:12" end="00:00:32:04">Or you can use the forward and back arrows</p>
      <p xml:id="subtitle13" ttm:role="caption" begin="00:00:32:10" end="00:00:35:19">to navigate one page at a time.</p>
      <p xml:id="subtitle14" ttm:role="caption" begin="00:00:35:25" end="00:00:37:16">When you come to a practice in the course,</p>
      <p xml:id="subtitle15" ttm:role="caption" begin="00:00:37:22" end="00:00:39:11">you will need to select the arrow within the</p>
      <p xml:id="subtitle16" ttm:role="caption" begin="00:00:39:17" end="00:00:42:28">practice element to begin the practice.</p>
      <p xml:id="subtitle17" ttm:role="caption" begin="00:00:43:04" end="00:00:45:18">In each practice, yellow information boxes will provide you</p>
      <p xml:id="subtitle18" ttm:role="caption" begin="00:00:45:24" end="00:00:47:27">with instructions on what to do and indicate where</p>
      <p xml:id="subtitle19" ttm:role="caption" begin="00:00:48:03" end="00:00:55:02">you need to select to progress through the practice.</p>
      <p xml:id="subtitle20" ttm:role="caption" begin="00:00:55:08" end="00:00:59:15"></p>
      <p xml:id="subtitle21" ttm:role="caption" begin="00:00:59:21" end="00:01:01:03">When you have completed the practice, you can either</p>
      <p xml:id="subtitle22" ttm:role="caption" begin="00:01:01:09" end="00:01:08:19">select the restart button to try the practice again,</p>
      <p xml:id="subtitle23" ttm:role="caption" begin="00:01:08:25" end="00:01:11:03">or you can use the main navigation controls within</p>
      <p xml:id="subtitle24" ttm:role="caption" begin="00:01:11:09" end="00:01:13:29">the course launcher window to move on to the next topic.</p>
      <p xml:id="subtitle25" ttm:role="caption" begin="00:01:14:05" end="00:01:17:03">After you have completed the course, you can take the assessment.</p>
      <p xml:id="subtitle26" ttm:role="caption" begin="00:01:17:09" end="00:01:19:10">However, if you want to review videos of the steps</p>
      <p xml:id="subtitle27" ttm:role="caption" begin="00:01:19:16" end="00:01:21:23">you walked through in the course, or try to complete</p>
      <p xml:id="subtitle28" ttm:role="caption" begin="00:01:21:29" end="00:01:24:03">one of the course practices without being prompted,</p>
      <p xml:id="subtitle29" ttm:role="caption" begin="00:01:24:09" end="00:01:26:20">you can go to the study guide for the course.</p>
      <p xml:id="subtitle30" ttm:role="caption" begin="00:01:26:26" end="00:01:28:24">Here, you can go straight to a “See It,” </p>
      <p xml:id="subtitle31" ttm:role="caption" begin="00:01:29:00" end="00:01:31:12">which will show you the video, or a “Try It,”</p>
      <p xml:id="subtitle32" ttm:role="caption" begin="00:01:31:18" end="00:01:33:27">where you can try to remember the steps yourself.</p>
      <p xml:id="subtitle33" ttm:role="caption" begin="00:01:34:03" end="00:01:36:27">Don’t worry; you will get hints if you need help.</p>
      <p xml:id="subtitle34" ttm:role="caption" begin="00:01:37:03" end="00:01:39:05">After you have completed your review of the study guide,</p>
      <p xml:id="subtitle35" ttm:role="caption" begin="00:01:39:11" end="00:01:41:00">you can then take the assessment.</p>
      <p xml:id="subtitle36" ttm:role="caption" begin="00:01:41:06" end="00:01:43:28">The controls for the final assessment are very straightforward.</p>
      <p xml:id="subtitle37" ttm:role="caption" begin="00:01:44:04" end="00:01:47:03">To start the assessment, you select Begin.</p>
      <p xml:id="subtitle38" ttm:role="caption" begin="00:01:47:09" end="00:01:48:26">You work through the questions by selecting the answer</p>
      <p xml:id="subtitle39" ttm:role="caption" begin="00:01:49:02" end="00:01:53:06">that you think is correct, and then select Check Answer.</p>
      <p xml:id="subtitle40" ttm:role="caption" begin="00:01:53:12" end="00:01:55:16">You only have one attempt at each question and you use</p>
      <p xml:id="subtitle41" ttm:role="caption" begin="00:01:55:22" end="00:01:58:10">the forward arrow to progress to the next question.</p>
      <p xml:id="subtitle42" ttm:role="caption" begin="00:01:58:16" end="00:02:00:15">Throughout the course, there are also knowledge checks,</p>
      <p xml:id="subtitle43" ttm:role="caption" begin="00:02:00:21" end="00:02:06:13">which work in the same way as the final assessment.</p>
      <p xml:id="subtitle44" ttm:role="caption" begin="00:02:06:19" end="00:02:09:19"></p>
      <p xml:id="subtitle45" ttm:role="caption" begin="00:02:09:25" end="00:02:12:05">Thank you for watching this video. You now have</p>
      <p xml:id="subtitle46" ttm:role="caption" begin="00:02:12:11" end="00:02:15:24">everything you need to start your course.</p>
      <p xml:id="subtitle47" ttm:role="caption" begin="00:02:16:00" end="00:02:46:00"></p>
    </div>
  </body>
</tt>