﻿<?xml version="1.0" encoding="utf-8"?>
<tt xmlns:ttm="http://www.w3.org/ns/ttml#metadata" xmlns:ttp="http://www.w3.org/ns/ttml#parameter" xmlns:tts="http://www.w3.org/ns/ttml#styling" xml:lang="eng" xmlns="http://www.w3.org/ns/ttml">
  <head>
    <metadata>
      <ttm:title>Media.wvx.aib</ttm:title>
      <ttm:copyright>Copyright (c) 2015 Microsoft Corporation.  All rights reserved.</ttm:copyright>
    </metadata>
    <styling>
      <style xml:id="s1" tts:fontFamily="Segoe UI" tts:fontSize="13px" tts:textAlign="center" tts:color="white" />
    </styling>
    <layout>
      <region xml:id="subtitleArea" style="s1" tts:origin="0% 0%" tts:extent="100% 60px" tts:padding="3px 3px" tts:backgroundColor="black" tts:opacity="0.7" tts:displayAlign="center" tts:showBackground="whenActive" />
    </layout>
  </head>
  <body>
    <div region="subtitleArea">
      <p xml:id="subtitle1" ttm:role="caption" begin="00:00:00.001" end="00:00:04.110">Welcome to Module 15 for Word 2016.</p>
      <p xml:id="subtitle2" ttm:role="caption" begin="00:00:04.111" end="00:00:07.929">In this module, you will learn how<br />to easily move through documents by</p>
      <p xml:id="subtitle3" ttm:role="caption" begin="00:00:07.930" end="00:00:10.843">searching, bookmarking,<br />inserting hyperlinks,</p>
      <p xml:id="subtitle4" ttm:role="caption" begin="00:00:10.844" end="00:00:14.550">and moving to a specific location or<br />object that you've inserted.</p>
      <p xml:id="subtitle5" ttm:role="caption" begin="00:00:15.770" end="00:00:18.000">First, let's search for text.</p>
      <p xml:id="subtitle6" ttm:role="caption" begin="00:00:18.001" end="00:00:20.720">Click the magnifying glass<br />found within the editing group</p>
      <p xml:id="subtitle7" ttm:role="caption" begin="00:00:20.721" end="00:00:21.410">on the Home tab.</p>
      <p xml:id="subtitle8" ttm:role="caption" begin="00:00:22.550" end="00:00:25.790">A sidebar opens up to the left where<br />you can see all the headings and</p>
      <p xml:id="subtitle9" ttm:role="caption" begin="00:00:25.791" end="00:00:26.330">pages.</p>
      <p xml:id="subtitle10" ttm:role="caption" begin="00:00:27.580" end="00:00:30.010">You can also type a word or<br />phrase into the search box.</p>
      <p xml:id="subtitle11" ttm:role="caption" begin="00:00:31.220" end="00:00:34.370">Let's see how many times the word<br />Antarctica has been used.</p>
      <p xml:id="subtitle12" ttm:role="caption" begin="00:00:37.410" end="00:00:40.230">To move between the results,<br />use the up and</p>
      <p xml:id="subtitle13" ttm:role="caption" begin="00:00:40.231" end="00:00:42.950">down arrows that appear<br />below the search box, or</p>
      <p xml:id="subtitle14" ttm:role="caption" begin="00:00:42.951" end="00:00:46.190">scroll through the results and click<br />on one to show it in the document.</p>
      <p xml:id="subtitle15" ttm:role="caption" begin="00:00:48.100" end="00:00:51.300">Another way to move through<br />a document is to create hyperlinks.</p>
      <p xml:id="subtitle16" ttm:role="caption" begin="00:00:51.301" end="00:00:53.950">They make it easy to jump<br />from one part to another</p>
      <p xml:id="subtitle17" ttm:role="caption" begin="00:00:53.951" end="00:00:55.320">within the same document.</p>
      <p xml:id="subtitle18" ttm:role="caption" begin="00:00:57.190" end="00:00:59.750">The first step is to mark<br />the destination of your link with</p>
      <p xml:id="subtitle19" ttm:role="caption" begin="00:00:59.751" end="00:01:01.220">a bookmark or heading style.</p>
      <p xml:id="subtitle20" ttm:role="caption" begin="00:01:02.600" end="00:01:05.490">Bookmarks can easily be<br />added by choosing Bookmark</p>
      <p xml:id="subtitle21" ttm:role="caption" begin="00:01:05.491" end="00:01:07.350">from the links group<br />on the Insert tab.</p>
      <p xml:id="subtitle22" ttm:role="caption" begin="00:01:08.600" end="00:01:13.130">Click on the penguin picture, select<br />Bookmark, and name it Penguin.</p>
      <p xml:id="subtitle23" ttm:role="caption" begin="00:01:18.520" end="00:01:19.910">To finish, click Add.</p>
      <p xml:id="subtitle24" ttm:role="caption" begin="00:01:21.560" end="00:01:24.990">Headings can be added by applying<br />one of the built in heading styles,</p>
      <p xml:id="subtitle25" ttm:role="caption" begin="00:01:24.991" end="00:01:28.000">located between the paragraph and<br />the editing group on the Home Tab.</p>
      <p xml:id="subtitle26" ttm:role="caption" begin="00:01:29.460" end="00:01:32.470">Once your bookmarks and headings are<br />set, you're ready to add the link.</p>
      <p xml:id="subtitle27" ttm:role="caption" begin="00:01:33.770" end="00:01:37.200">Select the word wildlife in the last<br />paragraph on the first page,</p>
      <p xml:id="subtitle28" ttm:role="caption" begin="00:01:37.201" end="00:01:38.210">then click Hyperlink.</p>
      <p xml:id="subtitle29" ttm:role="caption" begin="00:01:41.020" end="00:01:43.500">Under Link To,<br />click Place in This Document.</p>
      <p xml:id="subtitle30" ttm:role="caption" begin="00:01:44.500" end="00:01:47.660">In the list, select the heading or<br />bookmark that you want to link to.</p>
      <p xml:id="subtitle31" ttm:role="caption" begin="00:01:49.090" end="00:01:50.820">Note that if you selected text,</p>
      <p xml:id="subtitle32" ttm:role="caption" begin="00:01:50.821" end="00:01:53.870">it will be replaced by the text<br />of the item you are linking to.</p>
      <p xml:id="subtitle33" ttm:role="caption" begin="00:01:53.871" end="00:01:56.820">But this is not the case when you<br />select an object, such as a picture.</p>
      <p xml:id="subtitle34" ttm:role="caption" begin="00:01:57.850" end="00:02:01.119">You can also hyperlink<br />to external sources.</p>
      <p xml:id="subtitle35" ttm:role="caption" begin="00:02:01.120" end="00:02:03.362">Now that you've added bookmarks and<br />headings,</p>
      <p xml:id="subtitle36" ttm:role="caption" begin="00:02:03.363" end="00:02:06.050">it is easy to navigate to<br />a specific item in your document.</p>
      <p xml:id="subtitle37" ttm:role="caption" begin="00:02:07.210" end="00:02:10.520">Click the arrow next to Find on<br />the Home tab, and select Go To.</p>
      <p xml:id="subtitle38" ttm:role="caption" begin="00:02:11.910" end="00:02:15.360">A dialog box appears where you<br />can select a page, section,</p>
      <p xml:id="subtitle39" ttm:role="caption" begin="00:02:15.361" end="00:02:16.477">table, or a bookmark.</p>
      <p xml:id="subtitle40" ttm:role="caption" begin="00:02:17.600" end="00:02:19.988">Choose Bookmark, and<br />go to the penguin.</p>
    </div>
  </body>
</tt>