﻿<?xml version="1.0" encoding="UTF-8"?>
<navigation name="My Course" buildId="" xml:lang="en-us">
  <settings mediaLocation="Local" skipWelcomePage="false" reviewMode="false" pageFeedbackType="None" evaluationsDisabled="false" contentAreaMinWidth="700" contentAreaMinHeight="466">
    <mediaURL><![CDATA[http://smoothstreamit.gtm.corp.microsoft.com/SMSGR/]]></mediaURL>
    <courseTranscript><![CDATA[]]></courseTranscript>
  </settings>
  <private>
    <level1 name="Final Assessment Template" typeId="51FB7721-9E2D-454c-931E-82A00940688F" pageId="3" contribute="r" time="15" internal="true" partnerReady="false" expanded="false" hidden="false" knowledgecheck="yes" />
    <level1 name="Study Guide Template" typeId="7ACE0D68-1B27-11DF-B58D-E97A56D89593" pageId="4" contribute="n" time="1" internal="true" partnerReady="false" expanded="true" hidden="false" />
    <level1 name="Knowledge Check Template" typeId="7C1005E7-1802-4E03-BBFE-3BE796AFE3E1" pageId="2" contribute="r" time="2" internal="true" partnerReady="false" expanded="false" hidden="false" knowledgecheck="yes" />
    <level1 name="Practice Template" typeId="7ACE0D68-1B27-11DF-B58D-E97A56D89593" pageId="1" contribute="n" time="15" internal="true" partnerReady="false" expanded="false" hidden="false" />
  </private>
  <level0 name="New Module" pageId="" mustCompletePrevModules="false" modulesToComplete="" mustCompleteRequiredPages="false" expanded="true" hidden="false">
    <level1 name="New Video Lesson" typeId="3512FF56-8814-4D3B-B207-5675092FB0BF" pageId="" contribute="r" time="1.2" internal="true" partnerReady="false" expanded="false" hidden="false">
      <video fileName="Mod00_Intro.mp4" videoClickToPlay="false" videoAutoNavigate="false" videoPreventSkipAhead="false" videoStretchToFit="true" videoMustPlayAll="false" />
    </level1>
    <level1 name="New Demo" typeId="7ACE0D68-1B27-11DF-B58D-E97A56D89593" pageId="" contribute="n" time="15" internal="true" partnerReady="false" expanded="false" hidden="false" simulation="yes" />
    <level1 name="New Knowledge Check" typeId="7C1005E7-1802-4E03-BBFE-3BE796AFE3E1" pageId="" objectives="" contribute="r" time="2" internal="true" partnerReady="false" expanded="false" hidden="false" knowledgecheck="yes" />
    <level1 name="New Assessment" typeId="51FB7721-9E2D-454c-931E-82A00940688F" pageId="" objectives="" contribute="r" time="15" internal="true" partnerReady="false" expanded="false" hidden="false" knowledgecheck="yes" />
  </level0>
</navigation>