﻿<?xml version="1.0" encoding="utf-8"?>
<tt xmlns:ttm="http://www.w3.org/ns/ttml#metadata" xmlns:ttp="http://www.w3.org/ns/ttml#parameter" xmlns:tts="http://www.w3.org/ns/ttml#styling" xml:lang="eng" xmlns="http://www.w3.org/ns/ttml">
  <head>
    <metadata>
      <ttm:title>Media.wvx.aib</ttm:title>
      <ttm:copyright>Copyright (c) 2015 Microsoft Corporation.  All rights reserved.</ttm:copyright>
    </metadata>
    <styling>
      <style xml:id="s1" tts:fontFamily="Segoe UI" tts:fontSize="13px" tts:textAlign="center" tts:color="white" />
    </styling>
    <layout>
      <region xml:id="subtitleArea" style="s1" tts:origin="0% 0%" tts:extent="100% 60px" tts:padding="3px 3px" tts:backgroundColor="black" tts:opacity="0.7" tts:displayAlign="center" tts:showBackground="whenActive" />
    </layout>
  </head>
  <body>
    <div region="subtitleArea">
      <p xml:id="subtitle1" ttm:role="caption" begin="00:00:00.699" end="00:00:04.859">Welcome to Module 3 for Word 2016.</p>
      <p xml:id="subtitle2" ttm:role="caption" begin="00:00:04.860" end="00:00:08.253">In this module, you will learn<br />how to format a document by</p>
      <p xml:id="subtitle3" ttm:role="caption" begin="00:00:08.254" end="00:00:10.440">modifying the page setup.</p>
      <p xml:id="subtitle4" ttm:role="caption" begin="00:00:10.441" end="00:00:14.500">Applying themes, style sets and<br />page background elements.</p>
      <p xml:id="subtitle5" ttm:role="caption" begin="00:00:14.501" end="00:00:18.960">As well as inserting headers,<br />footers, and page numbers.</p>
      <p xml:id="subtitle6" ttm:role="caption" begin="00:00:18.961" end="00:00:21.890">Formatting your document gives it<br />a professional-looking appearance.</p>
      <p xml:id="subtitle7" ttm:role="caption" begin="00:00:23.360" end="00:00:26.050">Navigate to the Page Setup<br />group on the Layout tab.</p>
      <p xml:id="subtitle8" ttm:role="caption" begin="00:00:27.100" end="00:00:29.600">Click Margins to adjust<br />the amount of white space</p>
      <p xml:id="subtitle9" ttm:role="caption" begin="00:00:29.601" end="00:00:31.270">that appears around your document.</p>
      <p xml:id="subtitle10" ttm:role="caption" begin="00:00:33.100" end="00:00:36.170">You can see that this newsletter<br />template uses custom margins.</p>
      <p xml:id="subtitle11" ttm:role="caption" begin="00:00:38.240" end="00:00:41.651">Click Orientation to change<br />the Portrait or Landscape mode.</p>
      <p xml:id="subtitle12" ttm:role="caption" begin="00:00:43.910" end="00:00:45.855">Lastly, adding columns and</p>
      <p xml:id="subtitle13" ttm:role="caption" begin="00:00:45.856" end="00:00:49.591">page breaks can also be done<br />from the Page Setup group.</p>
      <p xml:id="subtitle14" ttm:role="caption" begin="00:00:49.592" end="00:00:52.451">Now move to the Design tab.</p>
      <p xml:id="subtitle15" ttm:role="caption" begin="00:00:54.309" end="00:00:58.740">Here you can apply a predefined<br />combination of font style, color,</p>
      <p xml:id="subtitle16" ttm:role="caption" begin="00:00:58.741" end="00:01:02.330">and size across an entire document,<br />known as a theme.</p>
      <p xml:id="subtitle17" ttm:role="caption" begin="00:01:03.650" end="00:01:05.542">On the Document Formatting group,</p>
      <p xml:id="subtitle18" ttm:role="caption" begin="00:01:05.543" end="00:01:08.637">click the Themes icon to scroll<br />through and see a preview.</p>
      <p xml:id="subtitle19" ttm:role="caption" begin="00:01:08.638" end="00:01:09.629">Choose one.</p>
      <p xml:id="subtitle20" ttm:role="caption" begin="00:01:13.339" end="00:01:16.783">Next, choose a style set to<br />adjust how your headings and</p>
      <p xml:id="subtitle21" ttm:role="caption" begin="00:01:16.784" end="00:01:19.209">subheadings appear in your document.</p>
      <p xml:id="subtitle22" ttm:role="caption" begin="00:01:19.210" end="00:01:22.989">Click one that you like in<br />the gallery next to Themes.</p>
      <p xml:id="subtitle23" ttm:role="caption" begin="00:01:22.990" end="00:01:26.147">Choosing a style set here applies<br />it throughout the document.</p>
      <p xml:id="subtitle24" ttm:role="caption" begin="00:01:26.148" end="00:01:30.027">Saving you time and<br />keeping a consistent look and feel.</p>
      <p xml:id="subtitle25" ttm:role="caption" begin="00:01:30.028" end="00:01:34.152">Also on the Design tab is the Page<br />Background group, where you can</p>
      <p xml:id="subtitle26" ttm:role="caption" begin="00:01:34.153" end="00:01:38.807">apply a watermark, such as the word<br />draft, diagonally across the page.</p>
      <p xml:id="subtitle27" ttm:role="caption" begin="00:01:38.808" end="00:01:42.728">Change the page color or<br />page borders.</p>
      <p xml:id="subtitle28" ttm:role="caption" begin="00:01:42.729" end="00:01:46.853">You may wanna add page numbers,<br />author, or</p>
      <p xml:id="subtitle29" ttm:role="caption" begin="00:01:46.854" end="00:01:49.427">the date across all pages.</p>
      <p xml:id="subtitle30" ttm:role="caption" begin="00:01:49.428" end="00:01:53.127">This is done from the Header and<br />Footer group on the Insert tab.</p>
      <p xml:id="subtitle31" ttm:role="caption" begin="00:01:53.128" end="00:01:57.475">This newsletter template comes<br />prepopulated with the header and</p>
      <p xml:id="subtitle32" ttm:role="caption" begin="00:01:57.476" end="00:01:58.508">page numbers.</p>
    </div>
  </body>
</tt>