﻿<?xml version="1.0" encoding="UTF-8"?>
<contents>
  <videoPreferences>
    <item required="yes" mediaPath="" LC="yes" PLC="yes" frameRate="29" frameSize="768x432" videoBitRate="500kbps" audioBitRate="48kbps" bufferingWindow="3" namingScheme="*.mp4" videoPlayerType="MP4" userDownload="true" uiLabel="VideoQualityMedium" notes="frame sizes, frame rates and aspect ratio can change to suite content (recorded demo vs. talking head)">MP4 (standard)</item>
  </videoPreferences>
  <videoContent>
    <file name="V1-M1L1-Create-a-Document.mp4" />
    <file name="V1-M2L1-Customize-Options-and-Views.mp4" />
    <file name="V1-M3L1-Format-a-Document.mp4" />
    <file name="V1-M4L1-Insert-Text-and-Paragraphs.mp4" />
    <file name="V1-M5L1-Format-Text-and-Paragraphs.mp4" />
    <file name="V1-M6L1-Order-and-Group-Text-and-Paragraphs.mp4" />
    <file name="V1-M7L1-Insert-Graphic-Elements.mp4" />
    <file name="V1-M8L1-Format-Graphic-Elements.mp4" />
    <file name="V1-M9L1-Insert-and-Format-SmartArt-Graphics.mp4" />
    <file name="V1-M10L1-Create-and-Modify-a-List.mp4" />
    <file name="V1-M11L1-Create-a-Table.mp4" />
    <file name="V1-M12L1-Modify-a-Table.mp4" />
    <file name="V1-M13L1-Create-and-Manage-Reference-Markers.mp4" />
    <file name="V1-M14L1-Create-and-Manage-Simple-References.mp4" />
    <file name="V1-M15L1-Navigate-a-Document.mp4" />
    <file name="V1-M16L1-Print-and-Save-Documents.mp4" />
    <file name="How_to_navigate_video.mp4" />
  </videoContent>
</contents>